"User-ID","ISBN","Book-Rating"
"U001","9781259002380","0"
"U002","9788131791862","2"
"U003","9780073523323","10"
"U004","9780262033848","8"
"U005","9781420089654","8"
"U006","9789332552194","4"
"U007","9780195154559","5"
"U008","9789332550152","1"
"U009","9788121917639","0"
"U010","9789339205574","6"
"U011","9781009397759","7"
"U012","9780070659155","9"
"U013","9781119631439","0"
"U014","9788121908839","7"
"U015","9789387869695","1"
"U016","9780198717348","7"
"U017","9781259062865","7"
"U018","9788120331935","8"
"U019","9780307949486","4"
"U020","978000000118","6"
"U021","9780133591620","6"
"U022","9780132350884","2"
"U023","978000000202","3"
"U024","9789384588827","0"
"U025","9788131806696","3"
"U026","9780071770569","8"
"U027","9780132350884","5"
"U028","9780201549799","8"
"U029","9789385998839","6"
"U030","978000000110","8"
"U031","9789332549446","7"
"U032","978000000219","6"
"U033","9781501124020","5"
"U034","9789339221859","2"
"U035","9788121908839","10"
"U036","9788121920725","3"
"U037","9780071470384","4"
"U038","9781259005275","0"
"U039","9789387472154","0"
"U040","9788120333424","10"
"U041","9780071470384","9"
"U042","9780470858923","5"
"U043","9788121900048","2"
"U044","9780128119051","1"
"U045","978000000215","5"
"U046","9788131791862","9"
"U047","978000000114","9"
"U048","9781451673319","7"
"U049","9788120333423","5"
"U050","9780198717348","0"
"U051","9780073397894","2"
"U052","9788121908853","8"
"U053","978000000202","2"
"U054","978000000106","6"
"U055","9780470458365","5"
"U056","978000000118","8"
"U057","9781484228967","0"
"U058","9780070659155","0"
"U059","9788187572680","1"
"U060","9789384588827","3"
"U061","978000000206","3"
"U062","978000000203","0"
"U063","9789384588079","10"
"U064","9780201896831","5"
"U065","978000000216","8"
"U066","9788121908716","8"
"U067","9780262028189","0"
"U068","9780470858923","8"
"U069","9788120336432","10"
"U070","9780470858923","4"
"U071","9788120331935","10"
"U072","978000000201","10"
"U073","9788121908853","2"
"U074","9789332571003","9"
"U075","9781259005275","5"
"U076","9788122431909","4"
"U077","9788126511034","6"
"U078","9788126513871","8"
"U079","9781009397759","10"
"U080","9788131806696","4"
"U081","978000000110","8"
"U082","978000000216","7"
"U083","9788122432364","9"
"U084","978000000202","5"
"U085","978000000102","2"
"U086","9788120330096","2"
"U087","9788131709274","2"
"U088","9788121923792","9"
"U089","9788131709274","4"
"U090","9780307949486","2"
"U091","9781259002380","7"
"U092","9788121908716","6"
"U093","9780747532743","8"
"U094","9780074624715","3"
"U095","9780849331541","9"
"U096","978000000203","0"
"U097","9788131806696","8"
"U098","978000000117","1"
"U099","9789386546436","1"
"U100","978000000218","0"
"U101","9789387472154","5"
"U102","9789332584607","0"
"U103","9780070149090","9"
"U104","9788131516359","4"
"U105","9789385039037","8"
"U106","9780307277671","5"
"U107","9788122430681","10"
"U108","9780070659155","9"
"U109","9788121916667","3"
"U110","9788120333423","1"
"U111","978000000206","7"
"U112","9780470858923","10"
"U113","9780849331541","4"
"U114","9781439811757","7"
"U115","9781259002380","8"
"U116","978000000216","7"
"U117","9788131806603","3"
"U118","978000000219","7"
"U119","9780073397894","2"
"U120","9788121908846","6"
"U121","9781439811757","7"
"U122","9781259002137","10"
"U123","9780074624715","2"
"U124","9781259002380","0"
"U125","9789386235780","7"
"U126","9781119631439","3"
"U127","978000000106","7"
"U128","9788122430681","4"
"U129","978000000105","5"
"U130","9780070666153","1"
"U131","978000000113","0"
"U132","9783540795186","0"
"U133","978000000205","5"
"U134","9789332550084","5"
"U135","9780750650922","9"
"U136","9783540795186","4"
"U137","9789384588086","7"
"U138","978000000107","2"
"U139","9780307474278","4"
"U140","9788131806696","4"
"U141","9788126521740","3"
"U142","9788122432364","2"
"U143","9780849331541","2"
"U144","9789385998839","3"
"U145","9788121920725","0"
"U146","9780070634947","2"
"U147","978000000109","8"
"U148","9789332549446","1"
"U149","9780849331541","7"
"U150","9788131806696","6"
"U151","9780132350884","3"
"U152","978000000215","0"
"U153","9788126521740","3"
"U154","978000000215","5"
"U155","9780195154559","1"
"U156","9789386546436","0"
"U157","9789384588086","10"
"U158","9788131806696","1"
"U159","9780387848570","3"
"U160","9788121908839","8"
"U161","9781420089654","0"
"U162","9788131806603","1"
"U163","9788121908839","2"
"U164","9789339221859","0"
"U165","9780071470384","1"
"U166","9780131103627","9"
"U167","9780133125900","8"
"U168","9788121900048","1"
"U169","978000000213","6"
"U170","9781107159754","0"
"U171","9780073397894","7"
"U172","978000000205","7"
"U173","9780073523323","0"
"U174","9780140449136","6"
"U175","9789386235780","1"
"U176","9781501124020","8"
"U177","9788131518780","10"
"U178","9780132350884","8"
"U179","978000000217","3"
"U180","9789332552194","6"
"U181","978000000109","8"
"U182","978000000103","3"
"U183","9788131806696","6"
"U184","9789386546436","5"
"U185","9789339205321","7"
"U186","9789384588827","0"
"U187","9789353060383","2"
"U188","9788121926977","9"
"U189","978000000214","1"
"U190","9788122432384","1"
"U191","9788126511034","2"
"U192","9780061120084","9"
"U193","9789332550152","2"
"U194","978000000210","10"
"U195","9780061120084","1"
"U196","978000000113","10"
"U197","9780133125900","2"
"U198","978000000111","0"
"U199","9789384588086","4"
"U200","9780074624715","2"
"U201","9788131518155","6"
"U202","9789387869695","10"
"U203","9780387848570","8"
"U204","9789353438164","10"
"U205","978000000209","6"
"U206","9781260453751","1"
"U207","9780262035613","8"
"U208","9780070681526","0"
"U209","9789380358967","1"
"U210","9780262028189","2"
"U211","9788131806603","1"
"U212","9789384588086","6"
"U213","9780143038412","0"
"U214","9780307949486","7"
"U215","9780470501979","7"
"U216","9788122431909","10"
"U217","9788120336432","2"
"U218","9789332585475","4"
"U219","9780070659155","3"
"U220","9788122432364","7"
"U221","9780849331541","0"
"U222","9789332550152","10"
"U223","978000000207","9"
"U224","9780124166752","9"
"U225","9789386546436","8"
"U226","978000000106","1"
"U227","9781259002138","5"
"U228","9789353060383","4"
"U229","9789387869695","1"
"U230","9781009397759","2"
"U231","9788121908839","10"
"U232","9780073398204","0"
"U233","9780073398174","1"
"U234","9788121908846","5"
"U235","9780198717348","2"
"U236","9780070634947","9"
"U237","9781259002380","5"
"U238","9780071327695","6"
"U239","9789386418375","9"
"U240","978000000119","2"
"U241","9780470458365","2"
"U242","978000000120","0"
"U243","978000000220","3"
"U244","9780073397894","1"
"U245","9788120330096","6"
"U246","9780133125855","0"
"U247","978000000215","10"
"U248","9788120345925","5"
"U249","9781259002380","2"
"U250","9780747532743","3"
"U251","9789351343082","4"
"U252","978000000219","2"
"U253","9789332552194","3"
"U254","9780128119051","6"
"U255","9788126547558","8"
"U256","9788121923792","1"
"U257","9780451524935","5"
"U258","9780198717348","9"
"U259","9788121916650","5"
"U260","9781484228967","2"
"U261","978000000117","3"
"U262","978000000208","10"
"U263","9788122432384","2"
"U264","978000000202","9"
"U265","9788121900048","2"
"U266","9788121908846","3"
"U267","9789353438164","0"
"U268","9780470458365","8"
"U269","9789332571003","10"
"U270","978000000104","4"
"U271","978000000216","6"
"U272","9780521198219","3"
"U273","9789385039020","4"
"U274","9781259062865","7"
"U275","9780307387899","5"
"U276","9789384588086","1"
"U277","9789387472154","0"
"U278","9788121908846","5"
"U279","978000000119","5"
"U280","9780470501979","3"
"U281","978000000108","5"
"U282","9780073398204","0"
"U283","9780143038412","9"
"U284","978000000104","8"
"U285","9783540795186","9"
"U286","9780071070102","10"
"U287","978000000215","6"
"U288","9789384588079","8"
"U289","978000000206","3"
"U290","9780262028189","6"
"U291","978000000116","8"
"U292","978000000113","2"
"U293","9780134997193","6"
"U294","9789332542522","0"
"U295","9780071470384","5"
"U296","9789387869695","2"
"U297","9789332585475","6"
"U298","9789332542522","6"
"U299","978000000108","7"
"U300","978000000110","5"
"U301","9780070681526","1"
"U302","9788131791862","2"
"U303","9781009397759","7"
"U304","9788126521740","0"
"U305","9780071327695","2"
"U306","9789386546436","2"
"U307","9788120345925","0"
"U308","9780134997193","8"
"U309","9780307277671","4"
"U310","9780070681526","1"
"U311","9789380358967","3"
"U312","978000000103","5"
"U313","9780071070102","6"
"U314","9780070659155","7"
"U315","978000000114","8"
"U316","978000000205","10"
"U317","9781119631439","7"
"U318","9781259002137","5"
"U319","9788187572680","2"
"U320","9780133125855","9"
"U321","9780073398174","0"
"U322","9780195154559","7"
"U323","978000000212","7"
"U324","9781259002380","8"
"U325","9788120330096","4"
"U326","978000000113","3"
"U327","9780124166752","9"
"U328","9788122430766","3"
"U329","9781259002380","1"
"U330","978000000103","1"
"U331","9789387472154","0"
"U332","978000000217","1"
"U333","9788121916650","2"
"U334","9780133591620","5"
"U335","978000000111","2"
"U336","9780262033848","7"
"U337","9780307277671","0"
"U338","9788131709274","3"
"U339","9781259062766","2"
"U340","9788131791862","8"
"U341","9780071327695","9"
"U342","9788120331935","6"
"U343","978000000110","3"
"U344","9788120336432","2"
"U345","9788120333423","8"
"U346","9788122430940","8"
"U347","9788120345925","0"
"U348","9789332549446","8"
"U349","9780849331541","0"
"U350","9789387869695","6"
"U351","978000000212","9"
"U352","9781259002380","7"
"U353","978000000110","1"
"U354","9780307387899","0"
"U355","978000000117","6"
"U356","978000000220","6"
"U357","9781259002380","3"
"U358","9780198717348","3"
"U359","9780061120084","3"
"U360","9781259002380","0"
"U361","9780141182575","5"
"U362","9788121908853","1"
"U363","9781501124020","0"
"U364","9780307277671","3"
"U365","978000000203","2"
"U366","978000000204","1"
"U367","978000000102","5"
"U368","9788120330096","5"
"U369","9789353060383","3"
"U370","9780070659155","0"
"U371","9789389347688","6"
"U372","978000000218","6"
"U373","9789339221859","10"
"U374","978000000209","3"
"U375","9788121908846","3"
"U376","9788121908716","4"
"U377","9780470858923","10"
"U378","978000000107","0"
"U379","9781259002380","10"
"U380","9780073397894","6"
"U381","9780134997193","0"
"U382","9780073397894","7"
"U383","9789389347688","9"
"U384","978000000118","8"
"U385","978000000102","6"
"U386","9788121923792","1"
"U387","9780143038412","10"
"U388","978000000110","1"
"U389","9781439811757","0"
"U390","9780385472579","8"
"U391","9789385039020","0"
"U392","9781259062766","0"
"U393","978000000114","6"
"U394","9780133356038","1"
"U395","9788121920725","6"
"U396","978000000106","6"
"U397","978000000108","6"
"U398","978000000216","10"
"U399","9780198717348","6"
"U400","978000000215","7"
"U401","9788126513871","9"
"U402","9788131709274","3"
"U403","9780470858923","6"
"U404","9780070681526","5"
"U405","9781420089654","8"
"U406","9780451524935","2"
"U407","978000000204","10"
"U408","978000000215","6"
"U409","9788121908853","5"
"U410","9788121908846","4"
"U411","9789387869695","8"
"U412","9788121916667","3"
"U413","9789332585475","7"
"U414","9788126547558","8"
"U415","9789384588079","2"
"U416","978000000108","6"
"U417","9780385472579","3"
"U418","9781785480034","6"
"U419","9780070681526","1"
"U420","9789385039020","3"
"U421","9789384588086","8"
"U422","9788122431909","1"
"U423","978000000109","10"
"U424","9789385039037","1"
"U425","9789389347688","0"
"U426","9788131806696","5"
"U427","9788122430681","0"
"U428","9780133356038","8"
"U429","9781260453751","7"
"U430","978000000112","4"
"U431","978000000219","2"
"U432","978000000212","7"
"U433","9788126511034","0"
"U434","9788122432384","9"
"U435","978000000114","9"
"U436","978000000113","1"
"U437","9780307474278","6"
"U438","978000000218","7"
"U439","978000000118","4"
"U440","9789387869695","1"
"U441","978000000218","5"
"U442","9780070149090","3"
"U443","9789384588086","10"
"U444","9788121908853","3"
"U445","978000000203","2"
"U446","9789384588086","3"
"U447","9780590353427","2"
"U448","978000000116","2"
"U449","9789332584607","10"
"U450","9788122432384","8"
"U451","9780070659155","10"
"U452","9780074623404","9"
"U453","978000000107","0"
"U454","978000000109","6"
"U455","978000000208","0"
"U456","9780387848570","2"
"U457","9781484228967","2"
"U458","9781501124020","0"
"U459","9788122432384","0"
"U460","9781107159754","5"
"U461","9789386418375","9"
"U462","9788121926440","8"
"U463","9781107159754","5"
"U464","9780133591620","2"
"U465","9781259062699","6"
"U466","9788126547558","0"
"U467","9789385039020","8"
"U468","9780470501979","0"
"U469","978000000214","3"
"U470","9781259062699","9"
"U471","9780071070102","5"
"U472","9788121908839","9"
"U473","9789386546436","0"
"U474","9781260453751","10"
"U475","9780070659155","5"
"U476","9780262033848","2"
"U477","978000000209","10"
"U478","9780073397894","2"
"U479","9781501124020","3"
"U480","9780133125900","1"
"U481","978000000110","4"
"U482","9789389347688","10"
"U483","9780074624715","3"
"U484","9780201896831","4"
"U485","978000000217","2"
"U486","9788121916667","10"
"U487","9788121908853","3"
"U488","9780070666153","2"
"U489","9780198717348","3"
"U490","9781501124020","10"
"U491","9780470501979","4"
"U492","9789353438164","5"
"U493","9781009397759","7"
"U494","9780124166752","7"
"U495","9781259005275","6"
"U496","9780142437230","8"
"U497","9781259002380","3"
"U498","978000000202","3"
"U499","9781119631439","3"
"U500","9780750699167","1"
"U501","9789332584607","6"
"U502","9789385039020","8"
"U503","9788121900048","9"
"U504","9788120319158","3"
"U505","978000000107","0"
"U506","9781259002380","0"
"U507","9788122432384","7"
"U508","978000000212","10"
"U509","9789339221859","6"
"U510","9788120336432","1"
"U511","978000000204","3"
"U512","978000000206","6"
"U513","9788121908839","9"
"U514","9788126511034","9"
"U515","9789353060383","10"
"U516","9780073398174","6"
"U517","9783540795186","4"
"U518","9788120319158","8"
"U519","978000000109","4"
"U520","978000000107","3"
"U521","978000000202","7"
"U522","9788121926977","5"
"U523","978000000106","3"
"U524","978000000120","7"
"U525","978000000207","3"
"U526","978000000205","4"
"U527","9781259002137","3"
"U528","978000000202","6"
"U529","9780470858923","0"
"U530","9788122431909","8"
"U531","978000000101","0"
"U532","9781259062766","4"
"U533","9789385039020","6"
"U534","9789387869695","10"
"U535","9780134997193","6"
"U536","9780071470384","10"
"U537","9781501124020","1"
"U538","9780201549799","0"
"U539","9780070265127","8"
"U540","9780201549799","2"
"U541","9789353438164","4"
"U542","978000000211","0"
"U543","9780074624715","9"
"U544","9789339205321","2"
"U545","9781259062766","0"
"U546","978000000220","2"
"U547","9781451673319","6"
"U548","9780073397894","10"
"U549","9780131103627","10"
"U550","9780201896831","0"
"U551","978000000219","0"
"U552","9780071333467","8"
"U553","9789386418375","3"
"U554","9780262033848","0"
"U555","9780133125855","3"
"U556","9781259002380","10"
"U557","978000000218","0"
"U558","9780070149090","6"
"U559","978000000117","6"
"U560","9788131791862","0"
"U561","9780073398174","6"
"U562","9788121900048","2"
"U563","9788122430766","2"
"U564","9781259002380","0"
"U565","9789351343082","2"
"U566","9789332550084","0"
"U567","9780133125855","4"
"U568","9788131806603","8"
"U569","9780750699167","5"
"U570","9781259062699","9"
"U571","9780131103627","4"
"U572","9780073523323","7"
"U573","9788120319158","7"
"U574","9781259062699","5"
"U575","978000000203","0"
"U576","978000000104","5"
"U577","9780307387899","6"
"U578","9780385472579","7"
"U579","978000000219","4"
"U580","978000000210","6"
"U581","9781259002380","5"
"U582","978000000203","4"
"U583","9780451524935","7"
"U584","9780070149090","4"
"U585","9788131806603","6"
"U586","9789353438164","2"
"U587","978000000104","0"
"U588","9788121923792","4"
"U589","9780070681526","4"
"U590","9789332550084","0"
"U591","9781259002380","5"
"U592","9780307474278","10"
"U593","9788121908839","10"
"U594","9788121908839","6"
"U595","9781439811757","8"
"U596","9789385998839","4"
"U597","9789385039037","9"
"U598","9789385039037","3"
"U599","9789384588079","7"
"U600","9788122431909","4"
"U601","9788121926977","2"
"U602","9780070681526","2"
"U603","9780134997193","0"
"U604","9789332585475","10"
"U605","978000000220","8"
"U606","9780073523323","3"
"U607","9788126520774","6"
"U608","9788122432384","2"
"U609","9781260453751","5"
"U610","978000000203","0"
"U611","9789332549446","6"
"U612","978000000204","2"
"U613","9789339205321","7"
"U614","978000000120","4"
"U615","978000000107","9"
"U616","9780307387899","2"
"U617","978000000106","10"
"U618","978000000205","7"
"U619","9788131709274","4"
"U620","9788122432384","7"
"U621","978000000114","2"
"U622","978000000111","5"
"U623","9780070659155","7"
"U624","9781484228967","6"
"U625","9788122430681","10"
"U626","9780470458365","2"
"U627","9780750699167","8"
"U628","978000000207","3"
"U629","9780128119051","7"
"U630","978000000213","6"
"U631","978000000215","2"
"U632","9789332549446","7"
"U633","978000000111","5"
"U634","9788131518780","0"
"U635","9789339205321","1"
"U636","9788122431909","9"
"U637","9781259009280","3"
"U638","9780141182575","9"
"U639","978000000102","2"
"U640","978000000108","8"
"U641","978000000201","8"
"U642","9788121920725","1"
"U643","9780073398204","0"
"U644","9788131516359","8"
"U645","9788126520774","4"
"U646","978000000112","5"
"U647","9788177584226","5"
"U648","978000000202","0"
"U649","9788126513871","10"
"U650","9780074624715","2"
"U651","9780553296983","6"
"U652","9780262033848","10"
"U653","9780071070102","5"
"U654","9780074623404","3"
"U655","978000000102","6"
"U656","9789332584607","9"
"U657","9788131806696","0"
"U658","978000000216","3"
"U659","9781107159754","0"
"U660","9780071070102","10"
"U661","9781420089654","4"
"U662","9781259002380","6"
"U663","9780062315007","4"
"U664","9789332584607","6"
"U665","9780142437230","4"
"U666","9780071070102","6"
"U667","9780262035613","4"
"U668","9781259062698","3"
"U669","9780124166752","1"
"U670","9780074623404","3"
"U671","9780262035613","3"
"U672","978000000118","0"
"U673","9780198717348","1"
"U674","978000000104","10"
"U675","9789332573908","9"
"U676","9789387869695","6"
"U677","978000000212","3"
"U678","978000000114","5"
"U679","9781119631439","3"
"U680","9789385039020","8"
"U681","9780070265127","8"
"U682","9789380358967","8"
"U683","9788121917639","10"
"U684","9781439811757","8"
"U685","9788122430766","10"
"U686","978000000118","4"
"U687","9781119631439","0"
"U688","978000000203","0"
"U689","9781119491441","7"
"U690","9789386418375","10"
"U691","978000000104","9"
"U692","9788120345925","1"
"U693","978000000203","4"
"U694","9780133125900","10"
"U695","9780140449136","10"
"U696","978000000206","1"
"U697","9780521198219","9"
"U698","9789332584607","2"
"U699","9780070634947","2"
"U700","9788120319158","9"
"U701","9788121916650","7"
"U702","9781501124020","6"
"U703","9780070634947","4"
"U704","9780470458365","9"
"U705","9788121917639","4"
"U706","9789332552194","3"
"U707","9783540795186","8"
"U708","9781259002380","5"
"U709","9781259062766","6"
"U710","9789389347688","9"
"U711","9789384588827","2"
"U712","9788122432384","5"
"U713","9780133356038","3"
"U714","978000000204","3"
"U715","9788120331935","7"
"U716","9780140449136","3"
"U717","9780073523323","3"
"U718","9788131806603","7"
"U719","9788121920725","8"
"U720","9788126547558","1"
"U721","978000000220","7"
"U722","9780070149090","0"
"U723","9789332571003","9"
"U724","9788131791862","1"
"U725","9788120319158","0"
"U726","978000000202","5"
"U727","978000000117","10"
"U728","9780750699167","8"
"U729","978000000107","1"
"U730","978000000216","3"
"U731","9781501124020","7"
"U732","9788120330096","2"
"U733","9780133125855","7"
"U734","978000000205","9"
"U735","9780073398204","2"
"U736","9781785480034","1"
"U737","9780134997193","5"
"U738","9780750650922","6"
"U739","9788121908716","0"
"U740","9789385998839","4"
"U741","978000000116","2"
"U742","9780074624715","6"
"U743","9789386235780","4"
"U744","978000000209","7"
"U745","9780140283334","2"
"U746","9781259002380","3"
"U747","9788131518155","4"
"U748","9788120333424","7"
"U749","978000000202","0"
"U750","9788131518780","1"
"U751","9780071770569","7"
"U752","9781451673319","10"
"U753","9789386235780","3"
"U754","9788122430940","1"
"U755","9780470458365","7"
"U756","9788126511034","2"
"U757","9780307949486","5"
"U758","9781439811757","7"
"U759","978000000206","4"
"U760","9780070681526","7"
"U761","9781501124020","0"
"U762","9780307277671","7"
"U763","9788121916667","2"
"U764","9780262033848","3"
"U765","978000000119","4"
"U766","9780470458365","4"
"U767","9780140449136","8"
"U768","9780307277671","1"
"U769","978000000206","0"
"U770","978000000103","10"
"U771","9780073398204","7"
"U772","9780849331541","1"
"U773","9780201896831","9"
"U774","9780590353427","10"
"U775","9788122432384","6"
"U776","978000000105","9"
"U777","9780073398174","5"
"U778","9780141182575","4"
"U779","9788120336432","6"
"U780","9788121923792","0"
"U781","978000000109","7"
"U782","9788121908839","5"
"U783","9780073398204","5"
"U784","9781260453751","6"
"U785","9780470458365","4"
"U786","9780061120084","9"
"U787","978000000115","7"
"U788","9780307277671","8"
"U789","9780061120084","4"
"U790","978000000108","7"
"U791","9781259002380","3"
"U792","9780201896831","1"
"U793","9780262035613","7"
"U794","9788177584226","10"
"U795","9789386418375","4"
"U796","9781259002380","7"
"U797","9788177583960","4"
"U798","9780750650922","5"
"U799","978000000204","1"
"U800","9788121900048","2"
"U263","9780131103627","5"
"U307","9780134997193","4"
"U062","9780195154559","4"
"U075","9780128119051","2"
"U027","9788175152571","3"
"U147","9780201896831","10"
"U623","9780074624715","8"
"U261","9780074623404","4"
"U314","9780071470384","8"
"U721","9780262028189","5"
"U036","9788187572680","10"
"U533","9780124166752","8"
"U704","9781785480034","6"
"U532","9781484228967","9"
"U452","9788120319158","8"
"U090","9780071333467","5"
"U613","9788126513871","10"
"U315","9781420089654","1"
"U426","9780262035613","7"
"U071","9780387848570","4"
"U655","9780201549799","5"
"U596","9789353438164","0"
"U501","9780470858923","2"
"U656","9788177584226","0"
"U320","9783540795186","4"
"U105","9781119631439","9"
"U558","9780750699167","5"
"U457","9780750650922","9"
"U269","9780071770569","0"
"U761","9780849331541","9"
"U799","9781439811757","10"
"U408","9781009397759","3"
"U409","9781260453751","6"
"U457","9780521198219","7"
"U177","9780470458365","2"
"U231","9780470501979","7"
"U761","9780073398174","10"
"U471","9780073398204","1"
"U780","9780070681526","9"
"U373","9780133125855","1"
"U205","9788131709274","6"
"U293","9780061120084","4"
"U382","9780747532743","6"
"U280","9781451673319","6"
"U056","9780062315007","4"
"U644","9780307277671","5"
"U315","9780307949486","3"
"U593","9781501124020","3"
"U648","9780140449136","3"
"U525","9780262033848","0"
"U463","9780590353427","3"
"U210","9780385472579","2"
"U583","9780307474278","9"
"U660","9780142437230","1"
"U486","9780140283334","10"
"U278","9780451524935","9"
"U576","9780141182575","3"
"U148","9780307387899","7"
"U718","9780143038412","2"
"U051","9780261103573","1"
"U672","9780553296983","1"
"U456","9780133591620","4"
"U791","9780073523323","9"
"U198","9780132350884","10"
"U741","9781119491441","5"
"U776","9780133125900","2"
"U165","9780073380575","6"
"U628","9788120345925","7"
"U490","9788121926178","3"
"U102","9788177583960","6"
"U604","9788121908839","6"
"U605","9788121900048","7"
"U373","9788131806696","9"
"U669","9780133356038","6"
"U258","9789332550084","0"
"U267","9788122430766","10"
"U572","9780073397894","0"
"U577","9780070666153","6"
"U522","9781259062766","9"
"U109","9789332550152","7"
"U774","9789332573908","10"
"U321","9789332585475","9"
"U389","9789332552194","1"
"U727","9781259002380","6"
"U779","9789332542522","6"
"U708","9780071070102","0"
"U498","9788131791862","9"
"U396","9788122431909","8"
"U547","9789332571003","1"
"U707","9788126511034","5"
"U261","9789339205574","8"
"U529","9789332584607","1"
"U148","9788122430940","6"
"U091","9789339205321","1"
"U440","9788122432364","10"
"U468","9781259002380","10"
"U030","9780071327695","6"
"U560","9789332549446","7"
"U410","9781259002380","1"
"U045","9788121908839","9"
"U337","9788121900048","3"
"U629","9788131806696","4"
"U620","9788120331935","1"
"U023","9780070659155","0"
"U710","9780070149090","2"
"U022","9788121908716","5"
"U778","9788121920725","9"
"U127","9789385039037","5"
"U261","9789385039020","3"
"U434","9788121908846","6"
"U705","9788121908853","6"
"U485","9788121916650","10"
"U647","9788121916667","7"
"U553","9789339221859","2"
"U192","9789386235780","2"
"U722","9788122430681","4"
"U544","9780070659155","5"
"U048","9780070634947","8"
"U009","9780073397894","1"
"U445","9781259062699","5"
"U749","9781259002138","6"
"U372","9789384588079","3"
"U553","9781259062698","2"
"U157","9789351343082","1"
"U323","9789353060383","10"
"U107","9781259002137","8"
"U350","9789384588086","0"
"U186","9788122432384","9"
"U659","9789385998839","9"
"U056","9780198717348","9"
"U084","9788126547558","0"
"U260","9781107159754","1"
"U176","9789389347688","9"
"U193","978000000101","8"
"U343","978000000102","8"
"U089","978000000103","5"
"U719","978000000104","3"
"U605","978000000105","10"
"U629","978000000106","10"
"U110","978000000107","10"
"U380","978000000108","1"
"U596","978000000109","0"
"U597","978000000110","9"
"U125","978000000111","10"
"U613","978000000112","3"
"U559","978000000113","6"
"U357","978000000114","0"
"U369","978000000115","4"
"U483","978000000116","9"
"U120","978000000117","0"
"U740","978000000118","3"
"U515","978000000119","8"
"U593","978000000120","8"
"U520","978000000201","7"
"U472","978000000202","4"
"U404","978000000203","6"
"U523","978000000204","4"
"U315","978000000205","0"
"U695","978000000206","9"
"U185","978000000207","10"
"U492","978000000208","2"
"U032","978000000209","6"
"U112","978000000210","6"
"U599","978000000211","8"
"U736","978000000212","1"
"U129","978000000213","3"
"U068","978000000214","3"
"U284","978000000215","3"
"U005","978000000216","2"
"U776","978000000217","2"
"U340","978000000218","4"
"U688","978000000219","5"
"U698","978000000220","1"
"U020","9788121926440","1"
"U183","9789380358967","6"
"U401","9788122432384","8"
"U743","9788121917639","1"
"U302","9780070265127","4"
"U676","9788120333423","2"
"U048","9788120333424","0"
"U142","9788126521740","7"
"U503","9788121923792","2"
"U755","9789387472154","9"
"U099","9781259005275","4"
"U321","9788120330096","6"
"U420","9781259009280","3"
"U495","9788131518155","6"
"U557","9788126520774","5"
"U599","9789386418375","3"
"U536","9789387869695","6"
"U750","9789386546436","5"
"U179","9788131516359","3"
"U738","9788131806603","5"
"U380","9788131518780","8"
"U360","9781259062865","9"
"U593","9788121926977","6"
"U207","9781259002380","5"
"U307","9788120336432","0"
"U707","9789384588827","10"
"U661","9788122432384","10"
"U001","978000000112","2"
"U001","9780195154559","5"
"U001","9788126511034","4"
"U001","9781259005275","2"
"U002","978000000211","9"
"U002","978000000202","10"
"U002","978000000103","1"
"U002","9789332550152","2"
"U003","978000000216","4"
"U003","9781259002138","10"
"U003","9780195154559","9"
"U003","9788187572680","9"
"U004","978000000217","4"
"U004","9780061120084","10"
"U004","9780849331541","1"
"U004","9780128119051","7"
"U005","978000000105","5"
"U005","9788121900048","4"
"U005","9789386235780","2"
"U006","9789384588827","7"
"U006","9788131806696","6"
"U006","9780070666153","10"
"U006","9788131709274","1"
"U007","9788175152571","8"
"U007","9780133125855","2"
"U007","9780307474278","2"
"U007","9780451524935","5"
"U008","9780385472579","10"
"U008","9789332550084","10"
"U008","9781484228967","2"
"U008","9780070659155","4"
"U009","978000000218","2"
"U009","978000000201","2"
"U009","9788126521740","5"
"U010","978000000111","6"
"U010","978000000215","6"
"U010","9783540795186","4"
"U010","978000000101","5"
"U011","9780062315007","2"
"U011","9781259062766","3"
"U011","978000000220","4"
"U011","978000000215","8"
"U012","9788126521740","5"
"U012","978000000112","9"
"U012","9788121908716","6"
"U012","9789387869695","4"
"U013","9788121917639","6"
"U013","9780133125900","5"
"U013","9781259062865","4"
"U013","9780521198219","6"
"U014","9780201896831","8"
"U014","9780131103627","8"
"U014","9789387472154","5"
"U014","9781259005275","4"
"U015","978000000208","9"
"U015","9788131709274","10"
"U015","9789339205321","10"
"U015","9780133125900","6"
"U016","9788121908716","3"
"U016","9780073398204","8"
"U016","9789384588827","1"
"U016","978000000110","3"
"U017","9780385472579","3"
"U017","9780071333467","7"
"U017","9789332542522","2"
"U017","9780070634947","7"
"U018","9789332542522","8"
"U018","978000000120","5"
"U018","9780451524935","1"
"U018","9780071333467","2"
"U019","9780071333467","9"
"U019","9788121923792","6"
"U019","978000000110","5"
"U019","9788121926977","3"
"U020","978000000111","1"
"U020","978000000115","5"
"U020","9780124166752","3"
"U021","9781259002138","2"
"U021","9780385472579","5"
"U021","978000000112","9"
"U021","9781259062766","4"
"U022","9788121900048","6"
"U022","978000000215","9"
"U022","978000000120","1"
"U023","978000000212","6"
"U023","9780470501979","1"
"U023","978000000110","6"
"U024","9789385039037","4"
"U024","9789387869695","4"
"U024","9780521198219","2"
"U024","9780132350884","8"
"U025","9788120331935","9"
"U025","9789339221859","3"
"U025","9780142437230","8"
"U025","9788126547558","3"
"U026","9788131709274","9"
"U026","9781259062766","7"
"U026","9780201896831","9"
"U026","9788175152571","4"
"U027","9781119491441","5"
"U027","9780133125900","6"
"U027","978000000214","9"
"U028","978000000210","2"
"U028","9788126513871","4"
"U028","9781259062865","6"
"U028","9789332552194","10"
"U029","9780451524935","4"
"U029","978000000116","4"
"U029","9788131791862","2"
"U029","9789332573908","1"
"U030","9788120336432","2"
"U030","9788121917639","6"
"U030","9780307949486","9"
"U031","9789332571003","5"
"U031","978000000101","8"
"U031","9780201896831","9"
"U031","9788121920725","10"
"U032","9780307387899","8"
"U032","9788126511034","8"
"U032","9781107159754","4"
"U033","9788131806696","2"
"U033","9780142437230","7"
"U033","9783540795186","7"
"U033","9780140449136","8"
"U034","9788175152571","1"
"U034","9780070265127","2"
"U034","9780198717348","7"
"U034","9789386235780","2"
"U035","9788126513871","4"
"U035","9780470458365","9"
"U035","9780061120084","3"
"U035","978000000103","3"
"U036","9780849331541","8"
"U036","9788126513871","2"
"U036","9788122432384","9"
"U037","9780071770569","1"
"U037","9788121926440","9"
"U037","9780262033848","2"
"U037","9789332571003","3"
"U038","9781107159754","8"
"U038","9789380358967","4"
"U038","9780133125900","1"
"U038","978000000114","7"
"U039","9781259002380","7"
"U039","9788131709274","8"
"U039","9789386546436","7"
"U039","9780553296983","9"
"U040","9780750699167","8"
"U040","9788121900048","4"
"U040","9789332584607","4"
"U040","9789387869695","10"
"U041","9780073380575","9"
"U041","9780198717348","6"
"U041","9789387869695","1"
"U041","9780071070102","8"
"U042","9780124166752","9"
"U042","9780128119051","1"
"U042","9780073398204","2"
"U042","978000000106","2"
"U043","9789332542522","2"
"U043","9780070265127","4"
"U043","978000000213","2"
"U043","9780521198219","4"
"U044","978000000108","10"
"U044","9781009397759","10"
"U044","9780133591620","7"
"U044","9780142437230","10"
"U045","978000000104","9"
"U045","9788122430681","5"
"U045","978000000203","6"
"U046","9788122431909","5"
"U046","9780131103627","3"
"U046","978000000101","5"
"U046","9788131518155","6"
"U047","9780307949486","1"
"U047","9788131518155","10"
"U047","978000000104","2"
"U047","9780133125855","4"
"U048","9781259002138","5"
"U048","9788121920725","6"
"U049","9788120331935","4"
"U049","9789384588086","5"
"U049","9780128119051","8"
"U049","9789351343082","5"
"U050","9788122430940","9"
"U050","9780073523323","9"
"U050","9780070149090","2"
"U050","9780071470384","5"
"U051","9789332549446","2"
"U051","9780451524935","3"
"U051","9780747532743","5"
"U052","9788122430766","4"
"U052","9780140283334","6"
"U052","978000000203","5"
"U052","9781259002138","8"
"U053","9788122432364","1"
"U053","9789384588827","7"
"U053","9780074624715","1"
"U053","9781259002380","6"
"U054","9788121920725","5"
"U054","978000000215","8"
"U054","9780451524935","7"
"U054","978000000208","1"
"U055","978000000110","2"
"U055","9781259009280","3"
"U055","9789351343082","1"
"U055","9789384588086","10"
"U056","9780451524935","3"
"U056","9789353060383","3"
"U057","9781009397759","5"
"U057","9780750650922","1"
"U057","978000000205","4"
"U057","9780071333467","4"
"U058","9788120319158","2"
"U058","9783540795186","9"
"U058","9781107159754","10"
"U058","9788121900048","4"
"U059","978000000215","3"
"U059","9780140449136","1"
"U059","9780073397894","6"
"U059","978000000101","4"
"U060","9788121923792","3"
"U060","9780062315007","2"
"U060","9788126521740","1"
"U060","9781260453751","4"
"U061","9788131518155","6"
"U061","9789385039037","4"
"U061","9780262028189","1"
"U061","9780142437230","4"
"U062","9780133125900","6"
"U062","9780849331541","2"
"U062","978000000113","9"
"U063","9780133125900","9"
"U063","9788121908846","1"
"U063","9789332549446","5"
"U063","9780073397894","10"
"U064","9788131709274","1"
"U064","9789385998839","10"
"U064","9788121926977","6"
"U064","9788175152571","6"
"U065","9788121926977","10"
"U065","9780073398204","2"
"U065","9780070634947","10"
"U065","9780470458365","5"
"U066","9780070659155","7"
"U066","9781259002380","9"
"U066","9780133125855","4"
"U066","9780750650922","7"
"U067","9788120331935","6"
"U067","9789389347688","6"
"U067","9780750699167","2"
"U067","978000000115","5"
"U068","9781259002138","5"
"U068","9788120319158","7"
"U068","9788131806603","7"
"U069","9780553296983","5"
"U069","9780451524935","3"
"U069","9781484228967","7"
"U069","9788120319158","7"
"U070","978000000211","3"
"U070","9780141182575","10"
"U070","9788131516359","7"
"U070","9788126547558","1"
"U071","9788131516359","5"
"U071","9789384588079","7"
"U071","978000000108","10"
"U072","9781259062699","6"
"U072","978000000209","8"
"U072","9788122432384","4"
"U072","9780073398204","8"
"U073","9780073380575","3"
"U073","9780142437230","2"
"U073","978000000117","9"
"U073","9780750699167","10"
"U074","9781259002137","2"
"U074","9780070265127","5"
"U074","9780262028189","4"
"U074","9788120333424","1"
"U075","9780070659155","4"
"U075","9780262035613","10"
"U075","9780307949486","8"
"U076","9788131518780","10"
"U076","9781484228967","7"
"U076","9789332585475","7"
"U076","9788126511034","3"
"U077","9781259062699","1"
"U077","9789385998839","7"
"U077","9788121908716","3"
"U077","9780553296983","9"
"U078","9789353438164","1"
"U078","9788121916650","4"
"U078","9781501124020","8"
"U078","9780071470384","8"
"U079","9788120319158","9"
"U079","978000000208","10"
"U079","9788121916667","8"
"U079","9788122430940","9"
"U080","9789339205321","9"
"U080","9780061120084","3"
"U080","9780262035613","8"
"U080","9788120330096","4"
"U081","978000000112","5"
"U081","9789386418375","8"
"U081","9780385472579","4"
"U081","9780074624715","8"
"U082","978000000118","5"
"U082","9789332571003","5"
"U082","9781259002137","6"
"U082","9788120345925","2"
"U083","9781259005275","3"
"U083","978000000201","7"
"U083","9788177584226","3"
"U083","9781259062698","4"
"U084","9781259062865","7"
"U084","9781107159754","6"
"U084","9788120345925","8"
"U085","9788131518780","1"
"U085","978000000203","7"
"U085","978000000109","10"
"U085","9780553296983","1"
"U086","9780307387899","7"
"U086","9780070681526","1"
"U086","9783540795186","5"
"U086","978000000109","7"
"U087","9780133125855","9"
"U087","9788122430766","4"
"U087","9780143038412","4"
"U087","9780747532743","7"
"U088","9780143038412","1"
"U088","978000000109","6"
"U088","978000000101","7"
"U088","9788177583960","3"
"U089","978000000209","3"
"U089","9789389347688","9"
"U089","9780195154559","7"
"U090","9780134997193","10"
"U090","9780750699167","1"
"U090","9780132350884","7"
"U091","9780071470384","8"
"U091","9788121908853","1"
"U091","9788120330096","7"
"U092","9788131806603","4"
"U092","978000000111","6"
"U092","9789386235780","7"
"U092","9780849331541","7"
"U093","9788122432364","2"
"U093","9781260453751","1"
"U093","9788120345925","1"
"U093","978000000113","4"
"U094","9788121926440","2"
"U094","9781009397759","1"
"U094","9788126513871","4"
"U094","9789332552194","10"
"U095","9788121900048","4"
"U095","9789339221859","8"
"U095","978000000101","2"
"U095","978000000104","4"
"U096","978000000209","5"
"U096","9789384588086","3"
"U096","9781259062766","10"
"U096","9780140283334","2"
"U097","978000000215","5"
"U097","9789385998839","10"
"U097","9780195154559","5"
"U097","9780307387899","7"
"U098","9780131103627","4"
"U098","978000000118","10"
"U098","9781259009280","4"
"U098","9780201549799","5"
"U099","9788126520774","10"
"U099","978000000219","10"
"U099","9781009397759","6"
"U100","978000000220","7"
"U100","9780750699167","6"
"U100","9788120331935","9"
"U100","9780074623404","6"
"U101","9780262033848","7"
"U101","9780470501979","2"
"U101","9789353060383","6"
"U101","9781785480034","8"
"U102","9789332573908","3"
"U102","9788121926977","3"
"U102","9780261103573","9"
"U103","9788121926440","5"
"U103","9780141182575","9"
"U103","9789380358967","8"
"U103","9788121926977","10"
"U104","9788121923792","6"
"U104","9788126511034","2"
"U104","9780849331541","8"
"U104","9789353438164","10"
"U105","9788122430940","7"
"U105","9789386235780","1"
"U105","9789332585475","6"
"U106","9788121908853","8"
"U106","9780201896831","6"
"U106","9788120330096","6"
"U106","9780849331541","10"
"U107","9780062315007","5"
"U107","9788121916650","1"
"U107","9780071327695","4"
"U108","9780132350884","4"
"U108","978000000115","7"
"U108","9780470501979","9"
"U108","9788122431909","8"
"U109","9780074623404","8"
"U109","9780061120084","1"
"U109","9789384588827","5"
"U110","9788121908716","7"
"U110","9788177584226","4"
"U110","9789385039037","10"
"U111","9789384588086","8"
"U111","9780451524935","9"
"U111","9780070666153","7"
"U111","9788126547558","6"
"U112","9783540795186","8"
"U112","9780747532743","5"
"U112","9788122432364","4"
"U113","978000000219","4"
"U113","9788122430681","2"
"U113","9780133125855","3"
"U113","9781484228967","4"
"U114","9788121926178","8"
"U114","9780074624715","10"
"U114","978000000119","10"
"U114","978000000117","2"
"U115","9781484228967","5"
"U115","9788120336432","6"
"U115","9780073397894","5"
"U115","9780262033848","9"
"U116","9789339221859","5"
"U116","9780070659155","1"
"U116","9780451524935","5"
"U116","9780553296983","3"
"U117","978000000112","8"
"U117","9780201549799","1"
"U117","9789385039020","5"
"U117","9781260453751","8"
"U118","978000000214","6"
"U118","978000000106","1"
"U118","9788122432364","8"
"U118","9789332549446","2"
"U119","9780133125900","8"
"U119","9780307949486","10"
"U119","9780133356038","1"
"U119","9780470858923","3"
"U120","978000000104","5"
"U120","9780132350884","4"
"U120","978000000219","9"
"U121","9788131518780","10"
"U121","9789332542522","10"
"U121","9780262028189","9"
"U121","9788126521740","8"
"U122","9788122432384","5"
"U122","978000000116","7"
"U122","9789385039037","10"
"U122","978000000204","1"
"U123","9788122430940","2"
"U123","9789384588079","4"
"U123","9788131709274","2"
"U123","9780128119051","4"
"U124","9788120333423","9"
"U124","978000000118","3"
"U124","9781107159754","8"
"U124","9781259009280","10"
"U125","9781260453751","5"
"U125","9788121917639","4"
"U125","9789386546436","5"
"U126","9780062315007","8"
"U126","9780307949486","4"
"U126","9788131709274","10"
"U126","9780750699167","4"
"U127","978000000103","2"
"U127","9789351343082","4"
"U127","9780074623404","3"
"U128","9788121923792","3"
"U128","9780307949486","1"
"U128","978000000114","5"
"U128","9789332542522","10"
"U129","9789386546436","8"
"U129","9781501124020","8"
"U129","9781259009280","5"
"U130","9780062315007","7"
"U130","9780747532743","9"
"U130","9788120345925","8"
"U130","978000000214","2"
"U131","978000000212","1"
"U131","9789353060383","6"
"U131","9788122430766","5"
"U131","9780195154559","2"
"U132","9788120336432","10"
"U132","978000000116","1"
"U132","9780070265127","5"
"U132","9780307387899","1"
"U133","9788120333423","8"
"U133","9780071327695","8"
"U133","9780849331541","3"
"U133","9780071070102","7"
"U134","9781785480034","8"
"U134","9789384588827","8"
"U134","978000000113","7"
"U134","9781259002137","6"
"U135","978000000101","2"
"U135","978000000215","6"
"U135","9780140449136","8"
"U135","9789386546436","7"
"U136","9788126547558","1"
"U136","978000000111","2"
"U136","9788122430681","5"
"U136","9781439811757","2"
"U137","978000000213","9"
"U137","9781259002380","9"
"U137","9789353438164","7"
"U137","9788121908839","4"
"U138","9780071327695","6"
"U138","9789389347688","8"
"U138","9780385472579","8"
"U138","9788121908839","4"
"U139","9788121923792","9"
"U139","9788121920725","5"
"U139","978000000214","8"
"U139","9781501124020","1"
"U140","9780133356038","10"
"U140","9788122431909","3"
"U140","9780307277671","9"
"U140","9780262033848","9"
"U141","9781107159754","2"
"U141","9780262028189","2"
"U141","9789353438164","2"
"U141","9780074623404","3"
"U142","978000000207","5"
"U142","9780073398204","5"
"U142","9788131518780","8"
"U143","9781260453751","4"
"U143","978000000111","9"
"U143","9788120333424","7"
"U143","9780470458365","10"
"U144","9780073398204","3"
"U144","9788120331935","5"
"U144","9788131518780","6"
"U144","9781259002138","5"
"U145","9781259002380","5"
"U145","9788177583960","5"
"U145","978000000116","10"
"U145","9780142437230","8"
"U146","9780470858923","8"
"U146","9780133125855","8"
"U146","9780070666153","6"
"U146","9780451524935","9"
"U147","9780307474278","8"
"U147","9781439811757","4"
"U147","9780553296983","4"
"U148","9789385039020","7"
"U148","978000000201","7"
"U149","9780070659155","6"
"U149","9780262035613","7"
"U149","9780070634947","3"
"U149","9789332585475","1"
"U150","9789339221859","9"
"U150","9780134997193","6"
"U150","9780071770569","8"
"U150","978000000119","8"
"U151","9780262033848","3"
"U151","9781107159754","3"
"U151","978000000118","8"
"U151","9788131709274","6"
"U152","9789389347688","7"
"U152","9788121926440","2"
"U152","9788121908846","9"
"U152","9788126521740","6"
"U153","9780385472579","8"
"U153","9788120345925","1"
"U153","978000000204","2"
"U153","9789332571003","5"
"U154","9788120336432","2"
"U154","9788121926977","2"
"U154","9781785480034","2"
"U154","9788122432384","3"
"U155","9788177584226","5"
"U155","9789332550152","1"
"U155","9788131806603","1"
"U155","9789332584607","6"
"U156","978000000107","7"
"U156","9788120333424","4"
"U156","978000000120","7"
"U156","978000000104","3"
"U157","9781451673319","3"
"U157","9780133591620","10"
"U157","9788126521740","10"
"U158","9780071333467","4"
"U158","978000000207","10"
"U158","9789387472154","4"
"U158","9789353438164","5"
"U159","9788131518155","5"
"U159","9788120319158","1"
"U159","978000000209","5"
"U159","978000000211","9"
"U160","9780128119051","2"
"U160","9788122432384","6"
"U160","978000000116","5"
"U160","978000000112","7"
"U161","9781259009280","5"
"U161","978000000111","5"
"U161","9788187572680","7"
"U161","9789380358967","2"
"U162","9789332571003","7"
"U162","9789385039020","6"
"U162","9780307387899","5"
"U162","9780062315007","5"
"U163","9789332552194","7"
"U163","9780074624715","1"
"U163","978000000104","1"
"U163","9781259062766","8"
"U164","9789386546436","4"
"U164","9781259062766","6"
"U164","9788121908716","4"
"U164","978000000204","5"
"U165","978000000211","3"
"U165","9780385472579","2"
"U165","9780074623404","1"
"U166","9780307277671","8"
"U166","9788121917639","10"
"U166","9780750650922","3"
"U166","9789384588827","5"
"U167","9788131806603","7"
"U167","9788120333423","4"
"U167","9788121920725","9"
"U167","9780750650922","9"
"U168","9780124166752","5"
"U168","978000000114","5"
"U168","9789380358967","5"
"U168","9789386235780","2"
"U169","978000000209","2"
"U169","9789387472154","4"
"U169","978000000211","7"
"U169","9788121916650","6"
"U170","9789384588827","7"
"U170","9780262033848","5"
"U170","9780133125855","2"
"U170","978000000111","6"
"U171","9780070265127","5"
"U171","9780071070102","7"
"U171","978000000112","6"
"U171","9789385998839","4"
"U172","9781260453751","1"
"U172","978000000204","9"
"U172","9788131806603","10"
"U172","9788121908716","2"
"U173","9781785480034","8"
"U173","9780062315007","5"
"U173","9788121926440","7"
"U173","9789332549446","3"
"U174","9780070659155","1"
"U174","9788131516359","8"
"U174","9789332549446","2"
"U174","9789332571003","9"
"U175","9780071470384","7"
"U175","978000000111","6"
"U175","978000000101","9"
"U175","978000000217","10"
"U176","9788175152571","3"
"U176","9788131518780","2"
"U176","9780470501979","10"
"U177","9781107159754","5"
"U177","9788121917639","6"
"U177","978000000216","8"
"U178","9788122432384","4"
"U178","9789332550084","2"
"U178","9788126520774","6"
"U178","9789351343082","6"
"U179","9780198717348","7"
"U179","9780074624715","4"
"U179","9781501124020","8"
"U180","9789384588827","4"
"U180","9780590353427","10"
"U180","9781119631439","6"
"U180","9788126511034","3"
"U181","978000000104","4"
"U181","9788120331935","9"
"U181","9789384588079","10"
"U181","978000000216","4"
"U182","9788121908846","3"
"U182","9789332542522","1"
"U182","9780074624715","3"
"U182","9788121920725","9"
"U183","9788122432364","3"
"U183","978000000110","1"
"U183","9788121920725","1"
"U184","978000000205","4"
"U184","978000000116","6"
"U184","9781420089654","3"
"U184","9788131709274","1"
"U185","9789339221859","7"
"U185","978000000119","2"
"U185","9781259062865","8"
"U186","9780061120084","6"
"U186","9780073398174","10"
"U186","9789385998839","8"
"U187","9780124166752","4"
"U187","9780141182575","1"
"U187","9788175152571","9"
"U187","9788131516359","8"
"U188","9780590353427","1"
"U188","9780198717348","8"
"U188","9780133125900","7"
"U188","9788126520774","2"
"U189","9780470501979","8"
"U189","9780307949486","2"
"U189","9781439811757","10"
"U189","9788120333424","2"
"U190","9789339221859","5"
"U190","9789389347688","10"
"U190","9788126547558","6"
"U190","9788126521740","10"
"U191","978000000120","5"
"U191","978000000111","9"
"U191","9788122430766","7"
"U191","9780071770569","2"
"U192","9781259062699","9"
"U192","978000000115","4"
"U192","9789353060383","8"
"U193","9788120336432","7"
"U193","9789386235780","8"
"U193","9780133125900","7"
"U194","9788175152571","2"
"U194","9788122430681","7"
"U194","9788120319158","5"
"U194","978000000107","3"
"U195","9788126520774","8"
"U195","9788120331935","2"
"U195","9780132350884","2"
"U195","9789353060383","2"
"U196","9788121926178","6"
"U196","9788121920725","9"
"U196","9780198717348","10"
"U196","978000000208","9"
"U197","9788121908846","2"
"U197","9780140449136","6"
"U197","9788120319158","7"
"U197","978000000115","1"
"U198","9789386546436","10"
"U198","9780307277671","6"
"U198","9780201549799","10"
"U199","9781259002138","4"
"U199","9788121900048","8"
"U199","9780262028189","2"
"U199","978000000113","9"
"U200","9789384588086","2"
"U200","9780849331541","10"
"U200","9780262028189","7"
"U200","978000000208","10"
"U201","9780141182575","9"
"U201","9780195154559","10"
"U201","9780142437230","5"
"U201","9789332550152","3"
"U202","9780747532743","5"
"U202","9789386235780","6"
"U202","9788131791862","3"
"U202","9789387472154","10"
"U203","9780142437230","7"
"U203","9788120331935","3"
"U203","9788121926178","1"
"U203","9789384588827","9"
"U204","978000000216","7"
"U204","978000000217","8"
"U204","978000000105","3"
"U204","9789384588086","5"
"U205","978000000115","6"
"U205","9780521198219","10"
"U205","9780132350884","1"
"U206","9788121900048","3"
"U206","978000000204","1"
"U206","9780070265127","2"
"U206","9780747532743","8"
"U207","9780750699167","7"
"U207","9780143038412","10"
"U207","9788122432384","7"
"U208","9780747532743","4"
"U208","9780073398174","2"
"U208","9780070666153","7"
"U208","978000000110","5"
"U209","978000000211","10"
"U209","9780143038412","9"
"U209","9788120319158","5"
"U209","9780070659155","4"
"U210","9780131103627","10"
"U210","9789387869695","1"
"U210","978000000203","5"
"U211","9780201896831","3"
"U211","978000000102","5"
"U211","978000000219","1"
"U211","978000000207","7"
"U212","9788120333423","3"
"U212","9788126521740","9"
"U212","9781259062698","4"
"U212","9780124166752","9"
"U213","978000000101","6"
"U213","9780307949486","7"
"U213","9788121926178","1"
"U213","9788121926977","1"
"U214","9788131518155","2"
"U214","9788122430681","10"
"U214","9789339205321","10"
"U214","978000000213","7"
"U215","978000000218","2"
"U215","978000000213","1"
"U215","9788131806603","3"
"U215","978000000204","8"
"U216","9781259009280","6"
"U216","978000000202","7"
"U216","9789385998839","4"
"U216","9788121926977","10"
"U217","9780133125900","9"
"U217","9780133591620","7"
"U217","9780307277671","6"
"U217","9788121908716","6"
"U218","9781451673319","2"
"U218","9780073398204","2"
"U218","978000000120","9"
"U218","9781484228967","6"
"U219","978000000113","3"
"U219","9789332571003","2"
"U219","9788120333424","5"
"U219","9788187572680","3"
"U220","9788122430766","3"
"U220","9781259062699","2"
"U220","9780073397894","8"
"U220","9789353438164","10"
"U221","978000000108","8"
"U221","9780071333467","10"
"U221","9780590353427","10"
"U221","9781439811757","6"
"U222","9780470858923","8"
"U222","9788120331935","8"
"U222","9788122432384","5"
"U222","9780074624715","10"
"U223","9789387869695","6"
"U223","9781259002138","2"
"U223","9780307277671","8"
"U223","978000000210","1"
"U224","9789387869695","6"
"U224","9789386546436","2"
"U224","9780074623404","2"
"U224","9780141182575","10"
"U225","9781259002138","7"
"U225","9789353438164","10"
"U225","9780451524935","1"
"U225","978000000210","10"
"U226","9788121926440","4"
"U226","9781439811757","10"
"U226","9780262035613","9"
"U226","9780470858923","1"
"U227","978000000210","2"
"U227","978000000105","2"
"U227","9780074623404","3"
"U227","9781009397759","4"
"U228","9789332573908","8"
"U228","978000000214","9"
"U228","9789386418375","10"
"U228","9780128119051","6"
"U229","978000000107","5"
"U229","978000000109","7"
"U229","9789386235780","10"
"U229","9788121908839","6"
"U230","9781259062865","6"
"U230","9788131806696","9"
"U230","978000000211","7"
"U230","978000000117","5"
"U231","9788177583960","10"
"U231","9780470858923","6"
"U231","9780133591620","10"
"U232","9780750699167","3"
"U232","978000000113","5"
"U232","9781259062699","7"
"U232","9788121920725","10"
"U233","9789332573908","2"
"U233","9780307277671","9"
"U233","9780307474278","6"
"U233","9789339221859","9"
"U234","9789384588827","7"
"U234","9780073398204","6"
"U234","9781420089654","6"
"U234","9780307277671","3"
"U235","9780201896831","6"
"U235","9780143038412","4"
"U235","9780262028189","3"
"U235","9788121900048","2"
"U236","9789332584607","2"
"U236","9781259002138","9"
"U236","9788121926178","9"
"U236","9789339205574","6"
"U237","978000000204","3"
"U237","9789332542522","7"
"U237","9788121900048","3"
"U237","9788121908853","10"
"U238","978000000114","8"
"U238","9780070659155","7"
"U238","9780750650922","4"
"U238","9788122432384","10"
"U239","978000000117","8"
"U239","978000000201","9"
"U239","9788122431909","5"
"U239","9781260453751","4"
"U240","9789384588086","10"
"U240","978000000214","8"
"U240","978000000117","7"
"U240","9780124166752","9"
"U241","978000000217","3"
"U241","978000000206","10"
"U241","9781259005275","5"
"U241","9788121908839","8"
"U242","978000000107","9"
"U242","9780201549799","9"
"U242","9781501124020","5"
"U242","9780132350884","3"
"U243","9780747532743","8"
"U243","9780073398174","3"
"U243","9788121926977","2"
"U243","9788121908716","8"
"U244","978000000113","1"
"U244","9788131518780","1"
"U244","9780131103627","9"
"U244","978000000107","4"
"U245","9780070634947","2"
"U245","978000000107","4"
"U245","9789332550152","6"
"U245","9780071770569","6"
"U246","9788120333424","3"
"U246","9789339205574","5"
"U246","9781260453751","3"
"U246","9781259062698","8"
"U247","9780061120084","10"
"U247","9788131791862","2"
"U247","9781420089654","5"
"U247","978000000216","3"
"U248","9788126547558","10"
"U248","978000000120","7"
"U248","978000000110","5"
"U248","9789332571003","5"
"U249","9781501124020","1"
"U249","9788122431909","7"
"U249","978000000112","10"
"U249","9788131518155","2"
"U250","978000000110","8"
"U250","9789332542522","9"
"U250","9781420089654","9"
"U250","9780307387899","4"
"U251","9780140283334","3"
"U251","978000000218","7"
"U251","9781259002380","10"
"U251","9783540795186","4"
"U252","9789385039020","7"
"U252","978000000106","2"
"U252","978000000119","6"
"U252","9788120331935","9"
"U253","9789351343082","9"
"U253","9781259002138","9"
"U253","978000000109","8"
"U253","9780070659155","7"
"U254","978000000107","5"
"U254","9781420089654","6"
"U254","9788120331935","6"
"U254","9788122431909","2"
"U255","978000000108","6"
"U255","9780071470384","1"
"U255","9783540795186","9"
"U255","9789386235780","3"
"U256","9788126520774","8"
"U256","9780553296983","8"
"U256","9780133356038","3"
"U256","9780071470384","2"
"U257","9780140283334","8"
"U257","9789339205574","5"
"U257","978000000206","1"
"U257","9781009397759","6"
"U258","9780307277671","9"
"U258","9780131103627","9"
"U258","9780262035613","5"
"U259","9789339205574","4"
"U259","9789386546436","6"
"U259","9781119631439","6"
"U259","9780747532743","2"
"U260","9789384588086","7"
"U260","9780133125900","8"
"U260","9780070634947","6"
"U261","978000000106","8"
"U262","9788177584226","8"
"U262","9789384588086","9"
"U262","9788121923792","2"
"U262","9788175152571","7"
"U263","9780133591620","7"
"U263","9788122430766","3"
"U263","9789351343082","5"
"U264","9781439811757","2"
"U264","9780133591620","6"
"U264","9780750699167","5"
"U264","9789385039037","8"
"U265","9788122430766","7"
"U265","978000000114","8"
"U265","978000000113","8"
"U265","9781009397759","6"
"U266","9780141182575","7"
"U266","9780074624715","1"
"U266","978000000118","7"
"U266","9780750650922","9"
"U267","978000000211","3"
"U267","9789332550152","3"
"U267","9781259062766","8"
"U268","9788121917639","3"
"U268","9788120331935","4"
"U268","9780074623404","6"
"U268","9789332550084","7"
"U269","9780521198219","1"
"U269","9788122430766","3"
"U269","978000000211","8"
"U270","9789384588086","6"
"U270","9788122432384","2"
"U270","9789385039020","3"
"U270","978000000120","6"
"U271","9780131103627","6"
"U271","9788121926440","5"
"U271","9788126513871","2"
"U271","9780195154559","3"
"U272","978000000207","9"
"U272","978000000109","9"
"U272","978000000219","5"
"U272","9788120330096","8"
"U273","9780201896831","10"
"U273","9789386546436","8"
"U273","978000000206","2"
"U273","9780071470384","2"
"U274","978000000210","3"
"U274","9781119491441","8"
"U274","978000000202","6"
"U274","9788120319158","6"
"U275","9789332573908","2"
"U275","9788126547558","9"
"U275","978000000218","5"
"U275","9780128119051","3"
"U276","9789332550084","9"
"U276","9780262028189","2"
"U276","978000000206","3"
"U276","9789332571003","8"
"U277","9780195154559","6"
"U277","9780451524935","10"
"U277","9789384588086","8"
"U277","9788121920725","10"
"U278","978000000202","2"
"U278","9780307277671","7"
"U278","9780140283334","8"
"U279","9780140449136","7"
"U279","9780307387899","2"
"U279","9789339221859","6"
"U279","9780590353427","2"
"U280","978000000210","8"
"U280","9780071333467","9"
"U280","9780070666153","3"
"U281","9780451524935","10"
"U281","9788121908853","3"
"U281","9789353060383","9"
"U281","9789387869695","2"
"U282","9780071327695","3"
"U282","9788131516359","3"
"U282","978000000215","6"
"U282","9789332573908","4"
"U283","9780070666153","9"
"U283","978000000117","2"
"U283","9788122432364","4"
"U283","9781785480034","9"
"U284","9780074624715","3"
"U284","9780385472579","5"
"U284","9780141182575","9"
"U285","9789384588827","9"
"U285","9780590353427","3"
"U285","9780134997193","10"
"U285","9788121900048","3"
"U286","9780142437230","10"
"U286","978000000115","10"
"U286","9789386235780","10"
"U286","9781009397759","1"
"U287","9780133591620","1"
"U287","9780590353427","10"
"U287","9788131709274","4"
"U287","9789385039020","7"
"U288","978000000204","1"
"U288","978000000207","9"
"U288","978000000218","5"
"U288","9789380358967","4"
"U289","9788126520774","7"
"U289","9780070149090","8"
"U289","9780307949486","1"
"U289","9780128119051","8"
"U290","9788131518780","8"
"U290","9789353438164","4"
"U290","978000000105","10"
"U290","9789387472154","6"
"U291","9780140283334","6"
"U291","9780261103573","6"
"U291","9780133125900","3"
"U291","9789384588086","9"
"U292","978000000208","2"
"U292","9788121916667","4"
"U292","978000000209","2"
"U292","9788121923792","8"
"U293","9788126513871","3"
"U293","9788131806696","1"
"U293","978000000218","7"
"U294","9780141182575","7"
"U294","9788126513871","3"
"U294","9788131806603","10"
"U294","978000000115","6"
"U295","9780470458365","3"
"U295","978000000207","9"
"U295","978000000209","8"
"U295","9789385039037","8"
"U296","9789332552194","2"
"U296","9780387848570","9"
"U296","9788131518155","4"
"U296","978000000216","10"
"U297","9783540795186","1"
"U297","9781119631439","5"
"U297","9789332542522","8"
"U297","9789386546436","9"
"U298","9780073523323","2"
"U298","9789353060383","3"
"U298","9788131709274","6"
"U298","978000000213","6"
"U299","9780070659155","7"
"U299","9788121908839","10"
"U299","978000000208","4"
"U299","9789332550084","9"
"U300","9789386546436","2"
"U300","9780070634947","9"
"U300","978000000210","9"
"U300","9780849331541","10"
"U301","9780071333467","10"
"U301","978000000219","3"
"U301","9788131806696","7"
"U301","978000000107","6"
"U302","9788121916650","6"
"U302","9789387472154","4"
"U302","9788122430766","9"
"U303","9780133125900","9"
"U303","9780070659155","1"
"U303","9781259005275","6"
"U303","9780262035613","9"
"U304","978000000111","3"
"U304","9781259062766","9"
"U304","9781259005275","6"
"U304","9788122430940","6"
"U305","978000000215","7"
"U305","9780141182575","5"
"U305","9780134997193","6"
"U305","9781259002138","9"
"U306","978000000220","8"
"U306","9789332573908","10"
"U306","9780070149090","8"
"U306","9781420089654","6"
"U307","9788121908846","2"
"U307","9788131518780","10"
"U308","9789385039037","1"
"U308","9789332542522","8"
"U308","9788131709274","10"
"U308","9780307387899","4"
"U309","978000000115","1"
"U309","9780071070102","8"
"U309","9781451673319","9"
"U309","9780133356038","10"
"U310","9788126521740","3"
"U310","9780071333467","4"
"U310","9788121917639","10"
"U310","9780062315007","2"
"U311","9780470458365","1"
"U311","978000000214","6"
"U311","978000000217","3"
"U311","9780140449136","4"
"U312","9780140449136","9"
"U312","9788122430940","8"
"U312","9780073380575","1"
"U312","9781259062698","3"
"U313","9780071327695","4"
"U313","978000000208","6"
"U313","9780750699167","8"
"U313","978000000119","7"
"U314","9788122430681","3"
"U314","9788131518155","9"
"U314","978000000105","9"
"U315","9783540795186","5"
"U316","9788122430940","8"
"U316","9781484228967","4"
"U316","9780849331541","9"
"U316","9780070149090","4"
"U317","9780070149090","5"
"U317","9781259062698","4"
"U317","9781259009280","8"
"U317","9788121916667","8"
"U318","978000000113","9"
"U318","978000000115","5"
"U318","9789386546436","2"
"U318","9789385039020","9"
"U319","9788126521740","7"
"U319","9780070666153","3"
"U319","978000000218","1"
"U319","9789386546436","2"
"U320","9780070666153","8"
"U320","9781259062699","5"
"U320","9780070681526","4"
"U321","978000000206","9"
"U321","9780747532743","9"
"U322","9780553296983","5"
"U322","9781259005275","2"
"U322","9780141182575","10"
"U322","9788122431909","4"
"U323","9781119631439","9"
"U323","9780262028189","4"
"U323","9788121908839","2"
"U324","9780140449136","6"
"U324","9780140283334","8"
"U324","9780071770569","3"
"U324","9788131791862","9"
"U325","9780128119051","7"
"U325","9781259062699","8"
"U325","9780070681526","4"
"U325","9789386546436","6"
"U326","9789386546436","1"
"U326","978000000202","10"
"U326","978000000201","9"
"U326","9788121926178","1"
"U327","9788120333423","7"
"U327","9780073397894","1"
"U327","9780131103627","8"
"U327","978000000106","5"
"U328","9789339205574","1"
"U328","9780070149090","10"
"U328","9789385998839","6"
"U328","978000000117","8"
"U329","9780590353427","9"
"U329","978000000119","8"
"U329","9780071470384","9"
"U329","978000000209","5"
"U330","9781484228967","2"
"U330","9788121908846","3"
"U330","9780261103573","8"
"U330","9780074623404","5"
"U331","9780140283334","3"
"U331","9780262033848","6"
"U331","9789332584607","10"
"U331","9780070265127","4"
"U332","9788120333423","10"
"U332","978000000112","7"
"U332","9789339205321","9"
"U332","9788131806603","2"
"U333","9780133125900","2"
"U333","978000000106","3"
"U333","9780070681526","6"
"U333","9788126513871","1"
"U334","9788120330096","7"
"U334","9789332571003","8"
"U334","9788121923792","6"
"U334","9788131516359","10"
"U335","9788177583960","10"
"U335","9780073523323","5"
"U335","9781259062699","6"
"U335","9788177584226","4"
"U336","9780198717348","2"
"U336","978000000209","5"
"U336","9780128119051","7"
"U336","9788126520774","9"
"U337","9781259062698","5"
"U337","9781259009280","2"
"U337","978000000112","5"
"U338","9789384588086","10"
"U338","9788121908716","4"
"U338","9780071470384","8"
"U338","9788121900048","8"
"U339","978000000107","7"
"U339","9780062315007","9"
"U339","9781260453751","9"
"U339","9788120319158","4"
"U340","9788126513871","10"
"U340","9780133591620","9"
"U340","9780061120084","9"
"U341","9781259062698","6"
"U341","978000000118","10"
"U341","978000000110","1"
"U341","9788126547558","9"
"U342","978000000206","10"
"U342","9780133125855","3"
"U342","978000000114","6"
"U342","9789386418375","8"
"U343","9789332549446","4"
"U343","9780140283334","10"
"U343","9780470501979","2"
"U344","9780073398204","8"
"U344","9789387869695","8"
"U344","9788121920725","9"
"U344","9788131518780","8"
"U345","978000000104","1"
"U345","978000000208","8"
"U345","9780070265127","5"
"U345","9788177583960","1"
"U346","9780131103627","5"
"U346","9781259002380","4"
"U346","978000000108","2"
"U346","9780070659155","7"
"U347","9780070666153","2"
"U347","9780198717348","2"
"U347","9781260453751","1"
"U347","9789386546436","7"
"U348","9788121908853","3"
"U348","9780590353427","7"
"U348","978000000107","7"
"U348","9780061120084","7"
"U349","9780307474278","2"
"U349","9780071333467","9"
"U349","9780071470384","6"
"U349","978000000219","3"
"U350","9780133125855","7"
"U350","978000000120","3"
"U350","9788175152571","4"
"U351","9781259002380","1"
"U351","9780070149090","8"
"U351","9780070265127","9"
"U351","978000000103","9"
"U352","9788126521740","4"
"U352","9788126513871","8"
"U352","9780070666153","3"
"U352","9780074624715","4"
"U353","9788177583960","2"
"U353","9788121917639","7"
"U353","9780141182575","1"
"U353","9788122431909","4"
"U354","9788120331935","2"
"U354","9789332542522","1"
"U354","9780061120084","10"
"U354","9780070265127","1"
"U355","9788126511034","1"
"U355","9780133125900","8"
"U355","978000000201","9"
"U355","978000000216","1"
"U356","9781259005275","9"
"U356","978000000218","4"
"U356","9780261103573","10"
"U356","9788121916667","10"
"U357","978000000212","6"
"U357","9789332571003","5"
"U357","9789387472154","9"
"U358","9788121908716","7"
"U358","9780070149090","5"
"U358","9788121916650","10"
"U358","9780073380575","3"
"U359","9780385472579","7"
"U359","9788121916650","8"
"U359","9781119631439","6"
"U359","9780590353427","7"
"U360","978000000119","6"
"U360","9780553296983","7"
"U360","9781107159754","3"
"U361","9780070149090","7"
"U361","978000000106","9"
"U361","9780262035613","4"
"U361","9780262028189","5"
"U362","9789332573908","3"
"U362","9789353438164","1"
"U362","978000000208","7"
"U362","9788131518780","9"
"U363","978000000120","3"
"U363","978000000109","4"
"U363","978000000102","4"
"U363","9788121908846","2"
"U364","978000000210","6"
"U364","9789384588827","9"
"U364","9788177583960","4"
"U364","9788121908839","5"
"U365","9780307474278","10"
"U365","9788122430766","1"
"U365","9780307949486","4"
"U365","978000000116","9"
"U366","978000000216","8"
"U366","9789384588079","6"
"U366","9788131516359","1"
"U366","9780201896831","4"
"U367","9788121926178","2"
"U367","9780070681526","4"
"U367","9780553296983","10"
"U367","9781259062698","4"
"U368","9780131103627","4"
"U368","9780451524935","6"
"U368","978000000117","7"
"U368","978000000209","9"
"U369","9788121926440","6"
"U369","9789385039037","5"
"U369","9789332550084","9"
"U370","978000000207","8"
"U370","9780071770569","8"
"U370","9788121916667","4"
"U370","9789384588086","6"
"U371","9780140449136","1"
"U371","978000000104","4"
"U371","9788121926178","3"
"U371","9781420089654","5"
"U372","9780451524935","10"
"U372","978000000108","7"
"U372","9789332584607","3"
"U373","9788187572680","6"
"U373","9788120336432","7"
"U374","9780521198219","4"
"U374","978000000207","9"
"U374","9781259062699","6"
"U374","978000000102","8"
"U375","9788177583960","8"
"U375","9788131518155","3"
"U375","9780261103573","6"
"U375","9781451673319","3"
"U376","978000000115","9"
"U376","9780470501979","3"
"U376","9788120345925","1"
"U376","978000000119","1"
"U377","978000000118","1"
"U377","9788131791862","7"
"U377","9781259005275","4"
"U377","9788120331935","3"
"U378","9780073523323","4"
"U378","9781259002138","8"
"U378","9780198717348","10"
"U378","978000000112","10"
"U379","9789380358967","8"
"U379","9781420089654","1"
"U379","978000000220","9"
"U379","9780140449136","1"
"U380","9781420089654","9"
"U380","978000000115","5"
"U381","9780133125855","5"
"U381","9781420089654","9"
"U381","9780553296983","7"
"U381","9780073397894","2"
"U382","9788131806696","9"
"U382","9780470858923","4"
"U382","9781484228967","10"
"U383","978000000119","5"
"U383","9783540795186","5"
"U383","9780131103627","2"
"U383","978000000107","7"
"U384","9788131518155","10"
"U384","9788126511034","4"
"U384","9780070149090","2"
"U384","9781259062699","1"
"U385","9789384588827","7"
"U385","9788126521740","7"
"U385","9780451524935","8"
"U385","9789387869695","1"
"U386","9780062315007","3"
"U386","9780132350884","8"
"U386","9788121926977","6"
"U386","978000000104","2"
"U387","978000000120","1"
"U387","9788120336432","4"
"U387","9788177584226","10"
"U387","9780262035613","5"
"U388","9780070659155","2"
"U388","9788126520774","5"
"U388","9789351343082","10"
"U388","9780142437230","1"
"U389","9780073397894","6"
"U389","9781420089654","4"
"U389","978000000116","3"
"U390","9781119491441","7"
"U390","978000000118","5"
"U390","978000000215","10"
"U390","9788122431909","10"
"U391","978000000109","9"
"U391","9788121908846","7"
"U391","9788121926178","3"
"U391","9781259009280","2"
"U392","9780124166752","6"
"U392","9788121908839","2"
"U392","9788121926977","4"
"U392","978000000118","6"
"U393","9788122430766","10"
"U393","9789332542522","7"
"U393","9788131806603","1"
"U393","9781785480034","5"
"U394","978000000210","8"
"U394","9788120336432","6"
"U394","9780451524935","7"
"U394","9789353060383","3"
"U395","9780071333467","10"
"U395","9780750699167","7"
"U395","9780132350884","10"
"U395","9789332584607","4"
"U396","9781119491441","2"
"U396","9780132350884","5"
"U396","9788121900048","7"
"U397","9781119491441","3"
"U397","9788121926178","7"
"U397","9788121916667","6"
"U397","9789385998839","2"
"U398","9788131791862","5"
"U398","9788122432384","6"
"U398","9780747532743","2"
"U398","9788121920725","2"
"U399","978000000106","7"
"U399","9780061120084","9"
"U399","9788121916650","9"
"U399","9781107159754","2"
"U400","9780195154559","2"
"U400","9783540795186","9"
"U400","9789384588827","10"
"U400","978000000212","6"
"U401","9780070634947","1"
"U401","978000000218","7"
"U401","978000000109","2"
"U402","9788177583960","9"
"U402","9788126511034","10"
"U402","9789386418375","3"
"U402","9788126520774","7"
"U403","9781451673319","3"
"U403","9788121923792","5"
"U403","9789332585475","3"
"U403","9781259062865","3"
"U404","9788121926977","5"
"U404","978000000217","5"
"U404","9789380358967","2"
"U405","9789332550084","5"
"U405","9788126513871","8"
"U405","9789332542522","10"
"U405","9788187572680","8"
"U406","9789385998839","3"
"U406","9788131516359","1"
"U406","9780131103627","6"
"U406","978000000204","7"
"U407","9788121908846","8"
"U407","9781259002137","7"
"U407","9788121926440","10"
"U407","9780071470384","5"
"U408","9781439811757","10"
"U408","9788177584226","4"
"U408","9780070681526","6"
"U409","9780073397894","7"
"U409","9788121916667","5"
"U409","9780073380575","8"
"U410","9780307387899","4"
"U410","9788131806603","7"
"U410","9780849331541","7"
"U411","9780750650922","2"
"U411","978000000104","4"
"U411","9780134997193","9"
"U411","9788121908853","9"
"U412","9780195154559","8"
"U412","9789332573908","4"
"U412","978000000214","5"
"U412","9788177584226","2"
"U413","9781107159754","8"
"U413","9781259005275","5"
"U413","9788122431909","5"
"U413","9780142437230","3"
"U414","9780140283334","7"
"U414","9780307474278","2"
"U414","9780061120084","10"
"U414","9780070681526","10"
"U415","9780133125900","9"
"U415","9781259002138","7"
"U415","9789351343082","1"
"U415","9789332550084","9"
"U416","9789332542522","2"
"U416","9789385998839","4"
"U416","9780142437230","6"
"U416","978000000114","10"
"U417","9780070659155","10"
"U417","9780074623404","7"
"U417","9788121908846","7"
"U417","9789385998839","1"
"U418","9780071770569","5"
"U418","9788121908716","9"
"U418","9780071327695","9"
"U418","978000000108","10"
"U419","9788121908716","8"
"U419","978000000107","7"
"U419","9789353438164","10"
"U419","9781259009280","9"
"U420","9780470858923","6"
"U420","9780195154559","8"
"U420","9780201549799","5"
"U421","9788131518780","2"
"U421","9789332549446","3"
"U421","978000000113","5"
"U421","978000000105","8"
"U422","978000000203","9"
"U422","9789380358967","6"
"U422","9780262035613","2"
"U422","978000000214","8"
"U423","9788121916667","2"
"U423","9780070149090","1"
"U423","9789332573908","2"
"U423","9789332552194","6"
"U424","9780074623404","2"
"U424","978000000211","3"
"U424","9788121926178","4"
"U424","9780071327695","3"
"U425","9780451524935","3"
"U425","9788121908846","9"
"U425","9789339205321","8"
"U425","978000000201","7"
"U426","9780133356038","3"
"U426","978000000106","7"
"U426","9780131103627","1"
"U427","9780073380575","10"
"U427","9788187572680","8"
"U427","9780134997193","7"
"U427","978000000109","1"
"U428","9781259062698","4"
"U428","978000000203","5"
"U428","9781259062865","10"
"U428","9780201549799","9"
"U429","978000000106","6"
"U429","9788131806603","4"
"U429","9788131518155","2"
"U429","9788131709274","8"
"U430","978000000120","6"
"U430","9789332542522","7"
"U430","9788122430940","7"
"U430","978000000116","2"
"U431","978000000113","6"
"U431","9788131518155","10"
"U431","9788120333423","5"
"U431","9780141182575","10"
"U432","9780132350884","3"
"U432","9788122430681","2"
"U432","9788122431909","5"
"U432","9789332549446","3"
"U433","978000000107","3"
"U433","9780073398204","7"
"U433","978000000217","10"
"U433","9781259005275","10"
"U434","9780070634947","7"
"U434","978000000106","8"
"U434","9781785480034","9"
"U435","9788177584226","3"
"U435","9788121916650","3"
"U435","9780470501979","5"
"U435","9781259005275","3"
"U436","9788122430681","8"
"U436","978000000204","1"
"U436","978000000205","1"
"U436","9780143038412","3"
"U437","9781484228967","7"
"U437","978000000208","9"
"U437","9781259062699","8"
"U437","9781107159754","8"
"U438","9788131518780","8"
"U438","9780470501979","3"
"U438","9780132350884","10"
"U438","9789332550152","4"
"U439","978000000218","1"
"U439","9780074624715","4"
"U439","9780133125855","5"
"U439","9781451673319","8"
"U440","978000000104","8"
"U440","9788126547558","9"
"U440","978000000110","10"
"U441","9789332549446","5"
"U441","9789351343082","6"
"U441","9788120345925","1"
"U441","978000000115","8"
"U442","9789351343082","4"
"U442","978000000103","2"
"U442","9780073380575","4"
"U442","9788121917639","8"
"U443","9788131709274","6"
"U443","978000000202","8"
"U443","978000000219","4"
"U443","9789384588079","10"
"U444","9781259009280","6"
"U444","9789332573908","10"
"U444","9780133356038","7"
"U444","978000000114","10"
"U445","9781259005275","4"
"U445","9780198717348","10"
"U445","978000000113","9"
"U446","9780849331541","10"
"U446","9780133125855","3"
"U446","9781439811757","5"
"U446","978000000218","10"
"U447","9788121923792","9"
"U447","978000000211","2"
"U447","9780071470384","7"
"U447","9780198717348","5"
"U448","9781259062699","3"
"U448","9780062315007","3"
"U448","9788126513871","3"
"U448","9781119491441","6"
"U449","9788126513871","7"
"U449","9780470501979","3"
"U449","9780307387899","5"
"U449","9780385472579","7"
"U450","9780307474278","8"
"U450","978000000118","2"
"U450","978000000213","9"
"U450","9780849331541","6"
"U451","978000000111","8"
"U451","9788131806603","10"
"U451","9781259002380","2"
"U451","9780261103573","8"
"U452","9781785480034","6"
"U452","9781259062865","9"
"U452","9780131103627","4"
"U453","9789339205321","4"
"U453","9789332585475","5"
"U453","9781439811757","5"
"U453","9789386235780","9"
"U454","9780307387899","3"
"U454","978000000104","8"
"U454","978000000105","1"
"U454","9780070659155","2"
"U455","9780385472579","8"
"U455","9781420089654","2"
"U455","9780128119051","8"
"U455","978000000111","1"
"U456","9789339205321","4"
"U456","9781259009280","3"
"U456","9788121926440","5"
"U457","9780128119051","5"
"U457","9789384588827","6"
"U458","9788122432364","2"
"U458","978000000107","3"
"U458","9788121908839","7"
"U458","9780385472579","5"
"U459","9788177583960","4"
"U459","9789339205321","2"
"U459","9781259062698","2"
"U459","9781259002380","4"
"U460","9780070681526","2"
"U460","9788121920725","10"
"U460","9780262028189","9"
"U460","9780071333467","8"
"U461","9780073523323","1"
"U461","9780553296983","6"
"U461","978000000219","7"
"U461","9788177584226","3"
"U462","9780070681526","2"
"U462","9788120336432","7"
"U462","978000000202","2"
"U462","9780201549799","6"
"U463","9789384588086","5"
"U463","9781259005275","7"
"U463","9780071470384","3"
"U464","9788120331935","9"
"U464","978000000104","1"
"U464","9788122430940","3"
"U464","978000000214","6"
"U465","978000000115","4"
"U465","9780385472579","3"
"U465","9780140449136","10"
"U465","9788126520774","8"
"U466","978000000216","2"
"U466","9780071770569","3"
"U466","9781501124020","10"
"U466","9788175152571","7"
"U467","978000000113","7"
"U467","9788122430681","3"
"U467","9788126513871","5"
"U467","9780074623404","2"
"U468","9788126513871","9"
"U468","978000000212","10"
"U468","978000000115","10"
"U469","978000000117","1"
"U469","9780142437230","5"
"U469","978000000203","9"
"U469","9781259062766","9"
"U470","9780470458365","7"
"U470","9789332584607","1"
"U470","9788122431909","8"
"U470","9780070634947","2"
"U471","9788122431909","8"
"U471","978000000112","10"
"U471","9780307949486","9"
"U472","9780262033848","6"
"U472","9788121916667","3"
"U472","978000000109","10"
"U473","978000000217","6"
"U473","9789351343082","3"
"U473","9781260453751","2"
"U473","9781420089654","10"
"U474","9788120331935","1"
"U474","9788131709274","4"
"U474","9781009397759","1"
"U474","9780131103627","9"
"U475","9789386546436","9"
"U475","9788131518780","7"
"U475","9780062315007","7"
"U475","9780132350884","9"
"U476","9780133125855","10"
"U476","9788121900048","5"
"U476","9780132350884","5"
"U476","9780133591620","9"
"U477","978000000203","3"
"U477","9780133125855","6"
"U477","9780387848570","10"
"U477","9781785480034","2"
"U478","9780307277671","7"
"U478","9788175152571","4"
"U478","9789387869695","4"
"U478","978000000202","7"
"U479","9789332549446","8"
"U479","9788122430940","10"
"U479","9789387869695","5"
"U479","9788120319158","3"
"U480","978000000219","1"
"U480","9789332573908","3"
"U480","9780062315007","1"
"U480","978000000215","8"
"U481","9780070666153","9"
"U481","9780071327695","5"
"U481","978000000114","6"
"U481","9789339221859","5"
"U482","9780261103573","2"
"U482","9789332550152","6"
"U482","9789339205321","5"
"U482","978000000119","2"
"U483","9788131709274","10"
"U483","9780385472579","2"
"U483","978000000207","8"
"U484","9780073398204","6"
"U484","9789387869695","8"
"U484","9780521198219","3"
"U484","9789384588086","3"
"U485","978000000102","2"
"U485","9789385039020","2"
"U485","9788120336432","9"
"U486","9781259002380","1"
"U486","9780262033848","4"
"U486","9780070659155","8"
"U487","9780750650922","7"
"U487","9780470858923","3"
"U487","9789339205574","9"
"U487","9781119491441","7"
"U488","9780262028189","6"
"U488","9788126513871","7"
"U488","978000000115","6"
"U488","9780747532743","2"
"U489","9789385039020","6"
"U489","978000000219","9"
"U489","9780070265127","1"
"U489","9780073397894","4"
"U490","9780071327695","1"
"U490","9780133125900","2"
"U490","978000000209","5"
"U491","9780307277671","6"
"U491","978000000202","9"
"U491","978000000111","1"
"U491","9789384588086","4"
"U492","978000000218","10"
"U492","9788131516359","10"
"U492","9788126511034","8"
"U493","9789384588086","10"
"U493","9789332585475","4"
"U493","9780261103573","9"
"U493","9788126511034","3"
"U494","9788131791862","7"
"U494","9780195154559","4"
"U494","9788120345925","6"
"U494","9781785480034","1"
"U495","9781259002137","1"
"U495","9780142437230","7"
"U495","9780073380575","5"
"U496","9780201549799","4"
"U496","978000000120","4"
"U496","978000000217","8"
"U496","9780198717348","3"
"U497","9781119491441","5"
"U497","9789384588827","1"
"U497","978000000201","9"
"U497","9780140449136","6"
"U498","9788131518155","2"
"U498","978000000108","2"
"U498","9781259002138","3"
"U499","978000000112","7"
"U499","978000000118","10"
"U499","9780521198219","1"
"U499","9788121926977","3"
"U500","9789332571003","5"
"U500","9788120330096","6"
"U500","9780387848570","6"
"U500","9788121916667","8"
"U501","9780747532743","4"
"U501","978000000118","4"
"U501","9780071470384","10"
"U502","9789385998839","3"
"U502","978000000114","8"
"U502","978000000209","6"
"U502","9781107159754","2"
"U503","9780133125855","6"
"U503","9789384588079","8"
"U503","9789385039037","8"
"U504","9788131709274","2"
"U504","9789384588827","3"
"U504","9788126520774","5"
"U504","9781259062698","10"
"U505","9781009397759","4"
"U505","9788131806603","3"
"U505","9789384588827","4"
"U505","978000000205","7"
"U506","9780073398174","1"
"U506","978000000211","5"
"U506","9788120330096","3"
"U506","9789332550152","7"
"U507","978000000210","9"
"U507","9788126547558","4"
"U507","9788131806696","8"
"U507","9780201549799","3"
"U508","9781501124020","1"
"U508","9780198717348","4"
"U508","9788121920725","4"
"U508","9780133125900","6"
"U509","9788126520774","2"
"U509","9780071070102","10"
"U509","9788120330096","2"
"U509","9789332552194","2"
"U510","9788187572680","8"
"U510","9789339221859","2"
"U510","9788121908846","2"
"U510","9781009397759","8"
"U511","9781119631439","3"
"U511","9789385039020","7"
"U511","9788177583960","7"
"U511","978000000207","1"
"U512","9788126521740","7"
"U512","9788120333423","6"
"U512","9780201896831","3"
"U512","9780074624715","5"
"U513","9780061120084","3"
"U513","9788121917639","10"
"U513","978000000204","10"
"U513","9788126511034","5"
"U514","978000000207","7"
"U514","9788126547558","8"
"U514","9780198717348","2"
"U514","9780849331541","7"
"U515","9781259005275","7"
"U515","978000000206","9"
"U515","9788126513871","9"
"U516","9781420089654","7"
"U516","9781119491441","6"
"U516","9780070681526","9"
"U516","9780143038412","6"
"U517","978000000104","9"
"U517","9781439811757","7"
"U517","9780747532743","3"
"U517","9780195154559","6"
"U518","9789332542522","4"
"U518","9789332550152","5"
"U518","9789387869695","8"
"U518","978000000120","6"
"U519","9780071070102","4"
"U519","9780128119051","2"
"U519","9788126513871","4"
"U519","9788121923792","9"
"U520","9780073380575","1"
"U520","9788121908716","10"
"U520","978000000109","6"
"U521","9788120333423","3"
"U521","9789332571003","10"
"U521","9788121916667","6"
"U521","9780134997193","1"
"U522","9781259062698","6"
"U522","9780521198219","10"
"U522","9789387472154","10"
"U523","9780470458365","8"
"U523","9788120345925","5"
"U523","9788120333423","8"
"U524","9789339205574","2"
"U524","9789387869695","4"
"U524","9788122430766","4"
"U524","9789332552194","9"
"U525","9780070681526","1"
"U525","9788121908846","10"
"U525","978000000206","3"
"U526","978000000105","3"
"U526","9781439811757","1"
"U526","9789332552194","3"
"U526","978000000116","3"
"U527","978000000110","9"
"U527","9780750650922","2"
"U527","978000000107","7"
"U527","978000000116","2"
"U528","9789386235780","5"
"U528","9781439811757","3"
"U528","9780128119051","7"
"U528","978000000112","8"
"U529","9788121926440","6"
"U529","9788120333423","9"
"U529","9788177584226","10"
"U530","978000000205","4"
"U530","9788120319158","10"
"U530","9788120333423","7"
"U530","9789385039037","5"
"U531","9789339221859","3"
"U531","9788175152571","1"
"U531","9780062315007","10"
"U531","9780387848570","10"
"U532","9788121917639","3"
"U532","9788122430766","6"
"U532","9788122430940","4"
"U533","978000000112","10"
"U533","9780201549799","8"
"U533","9789387472154","6"
"U534","978000000118","4"
"U534","9780070666153","6"
"U534","978000000114","2"
"U534","9789332573908","6"
"U535","9780061120084","1"
"U535","9788131709274","4"
"U535","9788126513871","2"
"U535","978000000113","5"
"U536","9789385998839","1"
"U536","9781119631439","7"
"U536","978000000214","7"
"U537","978000000114","7"
"U537","9789332585475","7"
"U537","978000000113","9"
"U537","9780307474278","2"
"U538","9780070681526","10"
"U538","9788121926440","4"
"U538","978000000215","8"
"U538","9780307949486","1"
"U539","9789332584607","1"
"U539","9788121916667","5"
"U539","9780201549799","2"
"U539","978000000105","3"
"U540","9780307474278","3"
"U540","9780261103573","2"
"U540","9788126547558","2"
"U540","9789386235780","10"
"U541","9780141182575","8"
"U541","9781259062698","1"
"U541","9789353060383","3"
"U541","9781259062766","7"
"U542","9780128119051","1"
"U542","9780071770569","6"
"U542","978000000203","4"
"U542","9781107159754","9"
"U543","978000000115","9"
"U543","9788131709274","5"
"U543","9780070149090","4"
"U543","9788131806696","1"
"U544","9780387848570","10"
"U544","9788126547558","8"
"U544","9788121900048","1"
"U545","9789332550084","1"
"U545","9789339205321","2"
"U545","9789332584607","10"
"U545","9780070681526","4"
"U546","9788131806696","1"
"U546","978000000203","3"
"U546","978000000112","5"
"U546","9780133591620","8"
"U547","9789332549446","5"
"U547","9780131103627","8"
"U547","9780470501979","5"
"U548","9789384588827","9"
"U548","978000000109","3"
"U548","9789384588086","7"
"U548","978000000106","8"
"U549","9780070659155","5"
"U549","978000000214","8"
"U549","9788131709274","4"
"U549","9788121923792","10"
"U550","9780198717348","3"
"U550","9780553296983","2"
"U550","9780132350884","6"
"U550","9788120345925","7"
"U551","978000000116","4"
"U551","9780451524935","1"
"U551","978000000109","9"
"U551","978000000217","9"
"U552","9788126520774","8"
"U552","9789385039020","4"
"U552","9780262035613","5"
"U552","9780133591620","7"
"U553","9781119491441","1"
"U553","9780124166752","10"
"U554","9780071327695","10"
"U554","978000000211","10"
"U554","9788120333424","2"
"U554","9780061120084","3"
"U555","978000000114","4"
"U555","9781484228967","3"
"U555","9781009397759","7"
"U555","9780133591620","7"
"U556","978000000206","3"
"U556","9789332542522","5"
"U556","9788121916667","2"
"U556","978000000202","7"
"U557","9788121916650","7"
"U557","9780451524935","6"
"U557","9780074624715","9"
"U558","9788131518155","1"
"U558","9780062315007","10"
"U558","978000000116","9"
"U559","978000000217","2"
"U559","9788131518780","3"
"U559","9788120333424","10"
"U560","978000000116","10"
"U560","9780071770569","2"
"U560","978000000104","2"
"U561","9789386546436","9"
"U561","9780070666153","7"
"U561","9788131709274","7"
"U561","9781259062699","8"
"U562","9789385039020","10"
"U562","9780262035613","1"
"U562","9788120333423","5"
"U562","978000000213","3"
"U563","978000000204","10"
"U563","9780071333467","7"
"U563","9789339205574","7"
"U563","9788121908846","4"
"U564","9781119631439","8"
"U564","9788121923792","6"
"U564","9789332552194","6"
"U564","9788131516359","5"
"U565","9780849331541","8"
"U565","9780553296983","2"
"U565","9788120336432","3"
"U565","9780070149090","8"
"U566","9781439811757","5"
"U566","9788175152571","7"
"U566","9788122430766","2"
"U566","9780470458365","8"
"U567","9780201896831","7"
"U567","9788121926178","8"
"U567","9780071327695","6"
"U567","9789387869695","9"
"U568","9780128119051","2"
"U568","9780307277671","9"
"U568","978000000213","3"
"U568","978000000119","10"
"U569","9789332550152","3"
"U569","9781484228967","4"
"U569","9789387869695","4"
"U569","9788121917639","8"
"U570","9781119631439","6"
"U570","9781259062698","4"
"U570","9780074624715","6"
"U570","9789353438164","9"
"U571","9781785480034","2"
"U571","9780071333467","1"
"U571","9788122431909","6"
"U571","9780470501979","10"
"U572","9780061120084","3"
"U572","9780262035613","10"
"U572","9780451524935","6"
"U573","9780070666153","3"
"U573","9788120330096","2"
"U573","978000000117","1"
"U573","9780070634947","1"
"U574","978000000215","10"
"U574","9780201896831","4"
"U574","9780074623404","4"
"U574","978000000211","4"
"U575","9788121923792","7"
"U575","9780073398174","1"
"U575","9780071333467","1"
"U575","9780262035613","3"
"U576","9780074623404","3"
"U576","978000000212","1"
"U576","9780262028189","5"
"U577","9781259062766","5"
"U577","9781119491441","5"
"U577","978000000103","7"
"U578","978000000113","8"
"U578","9788122432364","4"
"U578","978000000209","5"
"U578","978000000211","9"
"U579","9789389347688","7"
"U579","9780071070102","2"
"U579","9788131791862","9"
"U579","9780750699167","6"
"U580","978000000208","10"
"U580","9781259062766","5"
"U580","9780070149090","2"
"U580","9789380358967","2"
"U581","9789386235780","5"
"U581","978000000112","6"
"U581","9780074624715","5"
"U581","9781259062699","5"
"U582","9780470458365","3"
"U582","9780071327695","4"
"U582","9789387869695","10"
"U582","978000000213","6"
"U583","9780071333467","3"
"U583","978000000115","1"
"U583","9781259062699","8"
"U584","9789332584607","5"
"U584","978000000217","7"
"U584","978000000109","1"
"U584","9780071070102","10"
"U585","9780470458365","6"
"U585","9788177583960","4"
"U585","9788126520774","9"
"U585","978000000112","8"
"U586","978000000101","6"
"U586","9781259002138","5"
"U586","9781451673319","9"
"U586","9788121908853","5"
"U587","9788131806696","8"
"U587","9789339221859","5"
"U587","9788177583960","9"
"U587","9788121908853","6"
"U588","9781259062699","2"
"U588","9788121908716","6"
"U588","9780262028189","5"
"U588","978000000217","6"
"U589","978000000107","5"
"U589","9780071070102","5"
"U589","9789353438164","2"
"U589","9781260453751","1"
"U590","9781785480034","10"
"U590","978000000108","10"
"U590","9780307949486","8"
"U590","9781484228967","9"
"U591","978000000219","7"
"U591","978000000120","5"
"U591","9780140449136","1"
"U591","9780470858923","3"
"U592","978000000206","6"
"U592","9781107159754","10"
"U592","9788131518155","3"
"U592","9788122430681","3"
"U593","9780133591620","8"
"U594","9781259002137","3"
"U594","9788122430681","1"
"U594","9788131791862","8"
"U594","9780074624715","4"
"U595","9781451673319","10"
"U595","9780128119051","8"
"U595","978000000202","3"
"U595","9780141182575","7"
"U596","9781785480034","7"
"U596","978000000213","7"
"U597","9780070681526","7"
"U597","9788131791862","1"
"U597","978000000220","4"
"U598","9780261103573","6"
"U598","9780262033848","6"
"U598","978000000120","4"
"U598","9781420089654","1"
"U599","9780385472579","4"
"U599","9780262028189","6"
"U600","9780307277671","3"
"U600","9780201549799","7"
"U600","9780124166752","10"
"U600","9789385039037","3"
"U601","9781259062865","1"
"U601","9780070149090","5"
"U601","978000000111","9"
"U601","9789332542522","9"
"U602","9789386235780","7"
"U602","9788126520774","3"
"U602","978000000105","8"
"U602","978000000205","4"
"U603","978000000114","7"
"U603","9781420089654","4"
"U603","9780262028189","3"
"U603","9780201896831","1"
"U604","978000000116","9"
"U604","9781451673319","2"
"U604","9780750650922","1"
"U605","9780307474278","5"
"U605","9789389347688","1"
"U606","9789332542522","1"
"U606","9780750699167","2"
"U606","9781259062699","1"
"U606","9781119631439","2"
"U607","9788131518780","8"
"U607","9788126521740","2"
"U607","9788126547558","5"
"U607","9780262035613","3"
"U608","978000000203","1"
"U608","9788131516359","7"
"U608","9780750699167","2"
"U608","9789386418375","5"
"U609","9789389347688","10"
"U609","9780062315007","3"
"U609","978000000217","2"
"U609","9780073398204","10"
"U610","978000000219","5"
"U610","9789332549446","2"
"U610","978000000207","4"
"U610","9781259062766","4"
"U611","9788131709274","9"
"U611","978000000206","6"
"U611","9781259062698","7"
"U611","9789332584607","3"
"U612","9781009397759","9"
"U612","978000000207","4"
"U612","9781259009280","8"
"U612","9788121908846","4"
"U613","9781259002380","1"
"U613","978000000101","2"
"U614","978000000110","10"
"U614","978000000101","8"
"U614","9780470858923","2"
"U614","9780073398204","2"
"U615","9788177583960","2"
"U615","978000000102","4"
"U615","978000000111","5"
"U615","9788131709274","8"
"U616","9781119631439","2"
"U616","9788120333423","1"
"U616","978000000218","6"
"U616","978000000211","6"
"U617","9789339205321","2"
"U617","9788131806696","1"
"U617","9780073523323","3"
"U617","9780750699167","3"
"U618","9788121908846","6"
"U618","978000000214","10"
"U618","9788121923792","2"
"U618","978000000107","6"
"U619","9788121908853","2"
"U619","9780133125900","7"
"U619","978000000111","5"
"U619","9780070634947","8"
"U620","978000000217","3"
"U620","978000000110","3"
"U620","9780553296983","1"
"U621","9780128119051","2"
"U621","9788131518780","10"
"U621","9789380358967","10"
"U621","978000000211","8"
"U622","9788121908853","10"
"U622","9788126521740","6"
"U622","9788122430940","1"
"U622","9788126520774","3"
"U623","9789380358967","8"
"U623","978000000110","7"
"U623","978000000214","1"
"U624","9781259062865","5"
"U624","9781259062699","6"
"U624","9780262033848","9"
"U624","9780307387899","10"
"U625","9780262028189","6"
"U625","9780071327695","9"
"U625","9781259009280","10"
"U625","9788131806696","7"
"U626","9780750699167","4"
"U626","9789380358967","6"
"U626","978000000211","7"
"U626","9780470858923","9"
"U627","9788122430940","1"
"U627","9780073523323","3"
"U627","9781259002138","8"
"U627","9789332585475","3"
"U628","978000000118","8"
"U628","9781439811757","4"
"U628","9788121908846","5"
"U629","9781119631439","9"
"U629","9780262028189","9"
"U630","9780590353427","7"
"U630","9789332571003","2"
"U630","9788131518155","8"
"U630","9789385039020","8"
"U631","978000000202","8"
"U631","9780061120084","6"
"U631","978000000219","8"
"U631","9781259062699","1"
"U632","9780201549799","7"
"U632","9780140449136","1"
"U632","9788121916650","9"
"U632","9781259002380","2"
"U633","9788122430766","10"
"U633","978000000112","5"
"U633","9780073398204","9"
"U633","978000000203","8"
"U634","978000000105","6"
"U634","9788121908839","4"
"U634","978000000111","6"
"U634","978000000208","10"
"U635","978000000212","8"
"U635","9780140283334","6"
"U635","978000000210","2"
"U635","9788131806696","4"
"U636","9781259002380","6"
"U636","9783540795186","5"
"U636","9788126547558","9"
"U636","978000000107","2"
"U637","9780070659155","3"
"U637","9789332585475","3"
"U637","9780140283334","7"
"U637","9789385998839","5"
"U638","9788122430940","4"
"U638","9780470458365","2"
"U638","9780387848570","4"
"U638","9788131518155","4"
"U639","9780140283334","6"
"U639","9789385998839","7"
"U639","9780070659155","10"
"U639","9781501124020","8"
"U640","9788131518155","10"
"U640","9781259002138","3"
"U640","978000000207","1"
"U640","978000000120","1"
"U641","9780451524935","7"
"U641","9780071070102","8"
"U641","9780073398204","3"
"U641","9788177584226","10"
"U642","9788120333423","3"
"U642","9780201549799","7"
"U642","9780142437230","10"
"U642","9781259062766","6"
"U643","9781259002138","7"
"U643","978000000217","10"
"U643","9788177584226","4"
"U643","9780074624715","7"
"U644","978000000105","5"
"U644","978000000210","3"
"U644","9781259005275","7"
"U645","9788122430766","9"
"U645","9780070149090","9"
"U645","9788122430681","9"
"U645","9780133356038","4"
"U646","978000000206","4"
"U646","9789389347688","5"
"U646","9788126520774","6"
"U646","9780070265127","3"
"U647","9789332573908","3"
"U647","9780124166752","9"
"U647","978000000112","6"
"U648","9789332573908","2"
"U648","9783540795186","9"
"U648","9780070681526","10"
"U649","9789385039020","7"
"U649","9780070265127","9"
"U649","9789386546436","7"
"U649","9780262033848","9"
"U650","9789385998839","1"
"U650","9788126521740","3"
"U650","9788121908839","1"
"U650","978000000206","5"
"U651","978000000215","5"
"U651","9780071333467","5"
"U651","9788120333424","1"
"U651","9781259009280","5"
"U652","978000000203","9"
"U652","9788121917639","6"
"U652","978000000210","2"
"U652","9780141182575","9"
"U653","9780262028189","9"
"U653","978000000109","4"
"U653","9780073398204","5"
"U653","9788177584226","1"
"U654","9788126521740","7"
"U654","9788131518780","6"
"U654","9780451524935","1"
"U654","9780262033848","5"
"U655","978000000206","10"
"U655","9788122432384","4"
"U655","9781785480034","6"
"U656","978000000116","9"
"U656","9788121926178","10"
"U656","9788187572680","4"
"U657","9789332584607","8"
"U657","9780073397894","2"
"U657","978000000106","3"
"U657","9780073380575","9"
"U658","978000000219","7"
"U658","9781009397759","7"
"U658","9780849331541","9"
"U658","9788131709274","3"
"U659","978000000215","10"
"U659","978000000102","1"
"U659","9788121908846","8"
"U660","9789332573908","3"
"U660","9781009397759","3"
"U660","9781439811757","10"
"U661","9788121908839","10"
"U661","9780750699167","5"
"U661","9780470501979","10"
"U662","9788126547558","6"
"U662","9780307949486","6"
"U662","978000000119","4"
"U662","978000000106","9"
"U663","9788120331935","9"
"U663","9780128119051","7"
"U663","9789351343082","9"
"U663","978000000213","2"
"U664","978000000113","4"
"U664","9780201896831","6"
"U664","9788121908846","6"
"U664","978000000216","10"
"U665","978000000120","8"
"U665","978000000208","1"
"U665","9789332549446","6"
"U665","9780061120084","4"
"U666","9780590353427","10"
"U666","9789389347688","4"
"U666","9781009397759","6"
"U666","9788126521740","2"
"U667","9780070634947","5"
"U667","9788120345925","5"
"U667","9780195154559","9"
"U667","978000000107","9"
"U668","9780073398204","8"
"U668","9780143038412","1"
"U668","9789332584607","4"
"U668","9781439811757","9"
"U669","9780132350884","2"
"U669","978000000114","9"
"U669","978000000220","1"
"U670","9780385472579","2"
"U670","9789384588079","4"
"U670","9788126520774","7"
"U670","9780201549799","4"
"U671","9780133125855","7"
"U671","9780074623404","2"
"U671","9788126520774","3"
"U671","9780195154559","8"
"U672","9780140283334","6"
"U672","9789339205574","2"
"U672","9780307949486","1"
"U673","9780073397894","5"
"U673","9788121916650","2"
"U673","9780307387899","4"
"U673","9788120330096","7"
"U674","978000000109","8"
"U674","9780133356038","7"
"U674","9789353060383","6"
"U674","9781420089654","7"
"U675","9780070265127","2"
"U675","978000000220","1"
"U675","9780590353427","10"
"U675","9781259062865","10"
"U676","9780070659155","2"
"U676","978000000205","9"
"U676","9789385998839","5"
"U677","9788126520774","5"
"U677","9781259062766","2"
"U677","978000000117","8"
"U677","9788126521740","7"
"U678","9780750699167","1"
"U678","9780262035613","3"
"U678","978000000220","4"
"U678","9780071470384","7"
"U679","9789351343082","5"
"U679","9781785480034","3"
"U679","9780070149090","6"
"U679","9780073523323","9"
"U680","9788121916650","3"
"U680","9781501124020","1"
"U680","9788131791862","10"
"U680","9789332542522","7"
"U681","9780133125855","9"
"U681","9780132350884","5"
"U681","9789384588079","6"
"U681","9780201896831","7"
"U682","9780074623404","9"
"U682","9789387472154","3"
"U682","978000000106","4"
"U682","9780141182575","5"
"U683","9781484228967","2"
"U683","9788121908853","10"
"U683","9788121908839","9"
"U683","9789353438164","9"
"U684","9780307949486","5"
"U684","978000000101","2"
"U684","9788122432364","2"
"U684","9788187572680","10"
"U685","9780143038412","6"
"U685","978000000205","3"
"U685","978000000101","4"
"U685","9780071770569","5"
"U686","978000000204","2"
"U686","9781484228967","6"
"U686","9780143038412","8"
"U686","9788121908846","10"
"U687","9780142437230","5"
"U687","9788177584226","10"
"U687","9788121900048","10"
"U687","9780521198219","6"
"U688","9788122430681","7"
"U688","9781451673319","1"
"U688","9788126513871","4"
"U689","9788121926178","7"
"U689","9780074624715","6"
"U689","9780071470384","6"
"U689","9780070681526","8"
"U690","9780061120084","6"
"U690","9789385039037","8"
"U690","9780451524935","2"
"U690","9788120333423","10"
"U691","9780133591620","5"
"U691","9781259005275","9"
"U691","9788187572680","5"
"U691","9780261103573","2"
"U692","9788175152571","2"
"U692","9781420089654","9"
"U692","9780133356038","1"
"U692","978000000108","10"
"U693","978000000213","10"
"U693","9780201896831","1"
"U693","9780451524935","5"
"U693","9789351343082","9"
"U694","9781260453751","3"
"U694","9780750650922","7"
"U694","9780262028189","10"
"U694","9780261103573","5"
"U695","9780071470384","8"
"U695","9780124166752","9"
"U695","9789384588827","7"
"U696","9780750650922","9"
"U696","9780073523323","4"
"U696","9780141182575","3"
"U696","9780073398174","3"
"U697","9780061120084","3"
"U697","9780073397894","10"
"U697","978000000104","3"
"U697","9780073380575","8"
"U698","978000000205","1"
"U698","9788121908716","8"
"U698","978000000201","2"
"U699","9788131709274","6"
"U699","978000000201","1"
"U699","978000000101","4"
"U699","9780071327695","6"
"U700","978000000109","8"
"U700","978000000111","1"
"U700","9781009397759","6"
"U700","9780201549799","9"
"U701","9781785480034","5"
"U701","9788121926178","5"
"U701","978000000108","9"
"U701","9780521198219","3"
"U702","9780307474278","7"
"U702","9780750650922","10"
"U702","9781259062699","2"
"U702","9780071327695","5"
"U703","9780307474278","4"
"U703","9780071327695","7"
"U703","9783540795186","6"
"U703","9780143038412","8"
"U704","9788122430766","1"
"U704","9780124166752","3"
"U704","978000000214","3"
"U705","9788120336432","2"
"U705","9780073398174","5"
"U705","9780201896831","3"
"U706","978000000106","3"
"U706","9789332550084","10"
"U706","9780140283334","2"
"U706","9780750699167","4"
"U707","9788131518780","6"
"U707","978000000115","2"
"U708","9789380358967","8"
"U708","9780070681526","4"
"U708","9780134997193","3"
"U709","9780074623404","7"
"U709","9789332552194","4"
"U709","9780070659155","3"
"U709","9789385039020","10"
"U710","978000000215","3"
"U710","9780133356038","9"
"U710","9781009397759","10"
"U711","9788120333424","1"
"U711","978000000114","5"
"U711","9788121908853","9"
"U711","978000000213","10"
"U712","978000000104","1"
"U712","978000000115","5"
"U712","9780132350884","4"
"U712","9780061120084","10"
"U713","9781260453751","8"
"U713","9781451673319","4"
"U713","9780140449136","10"
"U713","9789387472154","10"
"U714","9788121908853","10"
"U714","9780142437230","9"
"U714","9788131709274","3"
"U714","9788177583960","6"
"U715","978000000111","10"
"U715","9780134997193","2"
"U715","9788120336432","7"
"U715","9780070634947","3"
"U716","9789385998839","1"
"U716","978000000206","9"
"U716","9781259002138","7"
"U716","9780470858923","10"
"U717","9788131806696","3"
"U717","9780262035613","10"
"U717","978000000212","1"
"U717","978000000220","9"
"U718","978000000219","2"
"U718","9789380358967","3"
"U718","9788122430766","9"
"U719","9781259002380","7"
"U719","9789386418375","7"
"U719","9789384588086","1"
"U720","9780553296983","9"
"U720","9789339205321","4"
"U720","9789380358967","7"
"U720","978000000113","10"
"U721","9788121926178","10"
"U721","9780071770569","7"
"U721","9780071470384","5"
"U722","9780070681526","4"
"U722","9780132350884","5"
"U722","978000000212","9"
"U723","9781107159754","5"
"U723","9780470458365","1"
"U723","9789332573908","1"
"U723","9780307387899","9"
"U724","978000000219","9"
"U724","9780307474278","4"
"U724","9781259009280","6"
"U724","9781107159754","6"
"U725","9789385998839","3"
"U725","9789339205321","10"
"U725","9788122432364","5"
"U725","9780133125855","7"
"U726","978000000104","6"
"U726","9788122430940","5"
"U726","9780071333467","7"
"U726","978000000203","7"
"U727","9780451524935","9"
"U727","9789380358967","3"
"U727","9789384588086","9"
"U728","9788121916650","8"
"U728","9788122432364","5"
"U728","9780307387899","6"
"U728","9781259062698","7"
"U729","9780073380575","3"
"U729","9780142437230","2"
"U729","9788120336432","8"
"U729","9780062315007","3"
"U730","9780071770569","4"
"U730","9780073398204","7"
"U730","9789386235780","9"
"U730","9780141182575","1"
"U731","978000000215","7"
"U731","9781785480034","1"
"U731","9789384588827","3"
"U731","9781260453751","10"
"U732","9788121926977","2"
"U732","9781259062865","5"
"U732","9788121908716","6"
"U732","9780133591620","10"
"U733","9789339205574","7"
"U733","9780133125900","10"
"U733","9781259062699","9"
"U733","9789386546436","10"
"U734","9789387869695","3"
"U734","978000000112","8"
"U734","978000000214","1"
"U734","978000000206","9"
"U735","9789386546436","4"
"U735","9788121917639","10"
"U735","9780071327695","4"
"U735","9780141182575","3"
"U736","9780070265127","1"
"U736","9789332550084","4"
"U736","9781259062699","1"
"U737","9780128119051","2"
"U737","9780074624715","7"
"U737","9783540795186","7"
"U737","978000000213","10"
"U738","978000000206","9"
"U738","9780262033848","2"
"U738","9789384588827","9"
"U739","978000000117","9"
"U739","9780071070102","6"
"U739","9780070666153","5"
"U739","9780262028189","10"
"U740","9781484228967","8"
"U740","978000000213","10"
"U740","9788131791862","5"
"U741","9788120333423","7"
"U741","9781259002138","2"
"U741","978000000208","2"
"U742","9780124166752","5"
"U742","978000000105","2"
"U742","9780073398174","5"
"U742","9780133125855","10"
"U743","9788122432364","8"
"U743","9780307474278","10"
"U743","9789380358967","4"
"U744","9789386235780","8"
"U744","9780071333467","8"
"U744","978000000116","1"
"U744","9789380358967","2"
"U745","9788120330096","2"
"U745","9788126521740","4"
"U745","978000000211","4"
"U745","9788122430681","7"
"U746","9783540795186","9"
"U746","9780133125855","1"
"U746","9780062315007","5"
"U746","9788126513871","5"
"U747","9789384588827","7"
"U747","9780070265127","6"
"U747","978000000118","9"
"U747","9780073397894","8"
"U748","9788122430681","6"
"U748","978000000216","10"
"U748","9788121923792","3"
"U748","9780071333467","4"
"U749","978000000207","4"
"U749","9789332571003","4"
"U749","9788131709274","4"
"U750","9788120336432","4"
"U750","9788126513871","10"
"U750","978000000205","3"
"U751","9789385998839","2"
"U751","9780133591620","8"
"U751","9780141182575","1"
"U751","9788120345925","1"
"U752","9789380358967","6"
"U752","978000000204","6"
"U752","9789332585475","10"
"U752","9780074624715","8"
"U753","9788121908853","9"
"U753","9780849331541","7"
"U753","9788121908716","10"
"U753","9789339221859","1"
"U754","978000000119","7"
"U754","9780070681526","9"
"U754","9788121917639","9"
"U754","9780070666153","7"
"U755","9788126520774","3"
"U755","9788131518155","2"
"U755","9780553296983","9"
"U756","9788131518155","6"
"U756","9781259009280","1"
"U756","9780262033848","4"
"U756","9788126521740","10"
"U757","9780071770569","6"
"U757","9789332550084","10"
"U757","9788120330096","3"
"U757","9788126547558","5"
"U758","9789332571003","5"
"U758","9781260453751","10"
"U758","978000000105","6"
"U758","978000000106","8"
"U759","978000000103","4"
"U759","978000000217","6"
"U759","9780750650922","7"
"U759","9780849331541","8"
"U760","9788121908853","10"
"U760","9788121920725","10"
"U760","9788126520774","4"
"U760","9780071770569","5"
"U761","9789332571003","9"
"U761","9789353060383","7"
"U762","9788187572680","3"
"U762","9788121926178","3"
"U762","9780262035613","1"
"U762","9780073397894","7"
"U763","978000000207","3"
"U763","9780133356038","9"
"U763","978000000220","6"
"U763","9780143038412","5"
"U764","9788122432364","9"
"U764","9780521198219","1"
"U764","9780131103627","2"
"U764","9781259009280","3"
"U765","9780198717348","4"
"U765","978000000102","8"
"U765","9780133356038","2"
"U765","978000000210","6"
"U766","9788120330096","6"
"U766","9789332550084","9"
"U766","9788121916650","5"
"U766","9780070666153","1"
"U767","9781501124020","6"
"U767","978000000211","10"
"U767","9788187572680","10"
"U767","9780307387899","9"
"U768","9788120333423","5"
"U768","9783540795186","6"
"U768","9780070265127","9"
"U768","9780143038412","8"
"U769","9780133591620","7"
"U769","9780141182575","5"
"U769","9789353438164","3"
"U769","978000000114","6"
"U770","978000000217","10"
"U770","9789385039020","7"
"U770","9780307949486","2"
"U770","978000000215","6"
"U771","9788120336432","6"
"U771","9788121916667","5"
"U771","9789332573908","5"
"U771","9788122430766","7"
"U772","9780747532743","8"
"U772","9789332550084","10"
"U772","9789386418375","8"
"U772","9780140449136","3"
"U773","978000000106","1"
"U773","9789339221859","4"
"U773","9780750699167","5"
"U773","9780062315007","2"
"U774","9789384588079","3"
"U774","9780131103627","2"
"U774","9788131806696","2"
"U775","9780262035613","9"
"U775","9788121908839","1"
"U775","9780131103627","9"
"U775","9780132350884","2"
"U776","9788131709274","10"
"U776","9788121900048","2"
"U777","9781259062699","7"
"U777","9780307277671","4"
"U777","9788126513871","5"
"U777","9788122432384","3"
"U778","978000000119","3"
"U778","9789332550152","1"
"U778","9780750699167","6"
"U779","9788131806603","8"
"U779","978000000209","9"
"U779","9780747532743","9"
"U780","9788122432384","3"
"U780","9780553296983","9"
"U780","9780073397894","10"
"U781","9789332542522","8"
"U781","9780133356038","10"
"U781","9788121926977","9"
"U781","978000000112","9"
"U782","9780307277671","6"
"U782","9789380358967","9"
"U782","9788120336432","2"
"U782","9788122432384","5"
"U783","9780750650922","7"
"U783","9788120330096","3"
"U783","9788131516359","1"
"U783","9781259002380","9"
"U784","9780071470384","6"
"U784","9789386546436","8"
"U784","978000000220","1"
"U784","9781259009280","8"
"U785","9780070681526","5"
"U785","9780073523323","7"
"U785","978000000218","10"
"U785","978000000201","1"
"U786","9788126547558","6"
"U786","9780470458365","7"
"U786","978000000208","7"
"U786","9780131103627","4"
"U787","978000000215","7"
"U787","9780307474278","4"
"U787","9788131709274","2"
"U787","978000000103","4"
"U788","9780071327695","10"
"U788","9788177584226","5"
"U788","978000000117","9"
"U788","9788121923792","7"
"U789","9780470458365","2"
"U789","9788121908853","3"
"U789","978000000218","2"
"U789","978000000112","8"
"U790","978000000204","8"
"U790","9780747532743","10"
"U790","9780470501979","4"
"U790","9781439811757","1"
"U791","9780470858923","1"
"U791","978000000220","1"
"U791","978000000106","2"
"U792","978000000117","5"
"U792","9789339221859","8"
"U792","9788175152571","1"
"U792","978000000201","2"
"U793","9780470858923","1"
"U793","9789332585475","4"
"U793","978000000105","7"
"U793","9780307277671","8"
"U794","978000000107","8"
"U794","9780553296983","1"
"U794","9788121908846","2"
"U794","9788120333424","1"
"U795","9788121923792","7"
"U795","9780307949486","9"
"U795","9781260453751","3"
"U795","9781484228967","5"
"U796","9788126521740","1"
"U796","9781501124020","4"
"U796","9780070634947","8"
"U796","9788126513871","1"
"U797","9788187572680","8"
"U797","9780073380575","2"
"U797","9789386418375","4"
"U797","9780262035613","7"
"U798","9780071333467","5"
"U798","9781439811757","3"
"U798","9780133356038","1"
"U798","9788126547558","9"
"U799","9781501124020","5"
"U799","9789380358967","5"
"U799","9788187572680","6"
"U800","9788121908839","4"
"U800","978000000110","4"
"U800","9781785480034","7"
"U800","9788131806603","1"
"U172","9780073523323","5"
"U599","9781420089654","2"
"U406","9781420089654","4"
"U010","9789332552194","1"
"U596","9789332552194","8"
"U705","9780195154559","10"
"U159","9780195154559","6"
"U790","9780195154559","2"
"U255","9789332550152","3"
"U512","9789332550152","2"
"U703","9789332550152","10"
"U347","9788121917639","1"
"U062","9788121917639","6"
"U661","9788121917639","3"
"U719","9789339205574","9"
"U110","9789339205574","3"
"U500","9789339205574","4"
"U325","9789339205574","9"
"U661","9789339205574","6"
"U450","9781009397759","4"
"U022","9781259062865","7"
"U367","9781259062865","3"
"U257","9781259062865","1"
"U497","9781259062865","8"
"U573","9788120331935","5"
"U556","9788120331935","8"
"U195","9780307949486","10"
"U192","9780307949486","9"
"U357","9780133591620","6"
"U750","9780133591620","8"
"U282","9780133591620","10"
"U568","9780132350884","3"
"U071","9780132350884","9"
"U159","9789384588827","8"
"U303","9789384588827","5"
"U555","9780071770569","6"
"U465","9780071770569","1"
"U795","9780071770569","9"
"U389","9780071770569","3"
"U020","9780201549799","10"
"U373","9780201549799","10"
"U245","9780201549799","6"
"U739","9789385998839","2"
"U675","9789385998839","9"
"U397","9789332549446","4"
"U537","9789339221859","8"
"U785","9789339221859","9"
"U158","9788121920725","10"
"U290","9780071470384","6"
"U420","9781259005275","6"
"U114","9781259005275","2"
"U536","9781259005275","2"
"U045","9789387472154","3"
"U183","9789387472154","1"
"U207","9788120333424","2"
"U498","9788120333424","4"
"U102","9788120333424","1"
"U585","9788120333424","7"
"U674","9780128119051","8"
"U539","9780128119051","10"
"U719","9780128119051","10"
"U263","9781451673319","1"
"U376","9781451673319","4"
"U621","9781451673319","2"
"U014","9788120333423","4"
"U672","9788120333423","8"
"U082","9788120333423","8"
"U655","9781484228967","1"
"U370","9781484228967","9"
"U762","9788187572680","7"
"U378","9788187572680","1"
"U632","9788187572680","5"
"U542","9788187572680","1"
"U752","9789384588079","2"
"U312","9789384588079","2"
"U222","9780201896831","9"
"U100","9788121908716","2"
"U743","9788121908716","4"
"U545","9780262028189","7"
"U195","9780262028189","4"
"U539","9780262028189","4"
"U584","9788120336432","3"
"U572","978000000201","9"
"U426","978000000201","2"
"U785","978000000201","10"
"U367","978000000201","8"
"U720","9789332571003","7"
"U107","9789332571003","3"
"U185","9789332571003","9"
"U412","9788126511034","9"
"U346","9788126513871","3"
"U547","9788126513871","10"
"U454","9788126513871","6"
"U323","9788122432364","9"
"U333","9788122432364","6"
"U423","9788122432364","7"
"U744","978000000102","6"
"U624","9788120330096","4"
"U577","9788131709274","9"
"U220","9788121923792","7"
"U785","9780747532743","9"
"U763","9780747532743","5"
"U369","9780747532743","8"
"U459","9780747532743","7"
"U001","978000000117","1"
"U292","978000000218","10"
"U017","9780070149090","9"
"U139","9788131516359","5"
"U007","9788131516359","5"
"U228","9788131516359","4"
"U323","9788131516359","1"
"U791","9789385039037","5"
"U567","9789385039037","9"
"U570","9788122430681","10"
"U586","9788122430681","3"
"U097","9788121916667","1"
"U472","9788121916667","6"
"U160","9781259002137","3"
"U272","9781259002137","6"
"U597","9781259002137","4"
"U239","9789386235780","5"
"U308","9789386235780","2"
"U585","978000000105","7"
"U583","978000000105","4"
"U752","978000000105","2"
"U741","978000000105","6"
"U495","9780070666153","3"
"U500","9780070666153","10"
"U098","9780070666153","10"
"U658","9780070666153","5"
"U039","978000000113","10"
"U391","9783540795186","2"
"U799","9789332550084","1"
"U790","9789332550084","6"
"U357","9789332550084","7"
"U427","9780750650922","2"
"U789","9780750650922","4"
"U766","9780750650922","10"
"U012","9780307474278","7"
"U056","9780307474278","5"
"U537","9780307474278","1"
"U327","9788126521740","9"
"U579","9788126521740","3"
"U335","9788126521740","9"
"U715","9780070634947","4"
"U157","9780070634947","1"
"U690","9780387848570","7"
"U457","9780387848570","10"
"U590","9780387848570","9"
"U093","9780131103627","4"
"U443","9780131103627","5"
"U404","9780131103627","3"
"U136","9780133125900","6"
"U085","9780133125900","8"
"U586","978000000213","1"
"U562","978000000213","7"
"U269","978000000213","2"
"U409","978000000213","9"
"U445","9781107159754","3"
"U781","9781107159754","3"
"U493","9780140449136","9"
"U203","9780140449136","8"
"U405","9788131518780","10"
"U201","9788131518780","9"
"U631","9788131518780","9"
"U253","978000000217","4"
"U074","978000000217","5"
"U796","978000000217","7"
"U332","978000000103","10"
"U092","978000000103","2"
"U688","9789339205321","7"
"U434","9789339205321","6"
"U357","9789353060383","4"
"U329","9789353060383","6"
"U609","9788121926977","1"
"U789","9788121926977","5"
"U174","9788121926977","6"
"U632","978000000214","8"
"U639","978000000214","3"
"U452","978000000214","1"
"U240","978000000214","4"
"U702","9780061120084","6"
"U160","978000000210","2"
"U116","978000000210","1"
"U249","978000000210","10"
"U152","978000000210","5"
"U015","978000000111","6"
"U711","978000000111","2"
"U313","9788131518155","8"
"U483","9788131518155","1"
"U340","9788131518155","4"
"U758","9788131518155","9"
"U217","9789353438164","4"
"U560","978000000209","9"
"U769","978000000209","5"
"U562","9781260453751","8"
"U638","9780262035613","3"
"U712","9780262035613","1"
"U386","9789380358967","10"
"U680","9789380358967","9"
"U045","9789380358967","5"
"U175","9780143038412","1"
"U291","9780143038412","4"
"U714","9780143038412","10"
"U278","9780470501979","1"
"U477","9780470501979","1"
"U069","9789332585475","7"
"U677","9789332585475","5"
"U679","978000000207","6"
"U111","978000000207","1"
"U300","978000000207","7"
"U237","9780124166752","7"
"U521","9780124166752","2"
"U324","9781259002138","8"
"U612","9781259002138","9"
"U091","9781259002138","3"
"U204","9781259002138","9"
"U469","9781259002138","9"
"U730","9780073398174","1"
"U041","9780071327695","4"
"U543","9780071327695","5"
"U342","9780071327695","8"
"U403","9789386418375","3"
"U019","978000000119","6"
"U701","978000000119","6"
"U364","978000000119","5"
"U514","978000000120","5"
"U064","978000000120","5"
"U397","978000000120","1"
"U569","978000000220","5"
"U231","9780133125855","3"
"U350","9788120345925","7"
"U673","9788120345925","3"
"U090","9789351343082","7"
"U534","9789351343082","10"
"U641","9789351343082","4"
"U428","9789351343082","4"
"U587","9788126547558","3"
"U437","9788126547558","5"
"U620","9780451524935","6"
"U460","9780451524935","9"
"U135","9780451524935","4"
"U669","9788121916650","3"
"U595","9788121916650","9"
"U208","9788121916650","3"
"U317","978000000208","9"
"U139","978000000208","7"
"U789","978000000208","3"
"U672","978000000208","10"
"U162","9780521198219","6"
"U070","9780521198219","9"
"U546","9780521198219","2"
"U189","9780521198219","6"
"U150","9780307387899","1"
"U784","9780307387899","6"
"U424","978000000116","7"
"U311","978000000116","8"
"U764","978000000116","5"
"U156","9789332542522","4"
"U110","9789332542522","3"
"U190","9789332542522","1"
"U781","9789332542522","10"
"U632","978000000212","5"
"U621","9788122430766","10"
"U628","9788122430766","4"
"U611","9788122430766","4"
"U237","9781259062766","1"
"U368","9788122430940","2"
"U705","9788122430940","8"
"U138","9788122430940","9"
"U620","9788122430940","8"
"U730","9780141182575","6"
"U189","9780141182575","7"
"U504","9780141182575","8"
"U141","9789389347688","3"
"U198","9780385472579","4"
"U034","9780385472579","7"
"U783","9780385472579","1"
"U277","9780133356038","7"
"U228","9780133356038","4"
"U776","9780133356038","4"
"U068","9781785480034","3"
"U450","9781785480034","10"
"U502","9781785480034","6"
"U469","9781785480034","4"
"U438","978000000112","7"
"U795","978000000112","1"
"U623","978000000112","7"
"U738","978000000112","6"
"U404","9780590353427","10"
"U761","9780590353427","10"
"U609","9780590353427","9"
"U538","9780590353427","1"
"U534","9780074623404","2"
"U463","9780074623404","8"
"U044","9780074623404","4"
"U532","9788121926440","9"
"U406","9788121926440","1"
"U572","9788121926440","7"
"U529","9788121926440","1"
"U195","9788121926440","5"
"U451","9781259062699","7"
"U312","9781259062699","5"
"U473","9780142437230","3"
"U433","9780142437230","5"
"U628","9780142437230","1"
"U707","9780142437230","9"
"U146","9780750699167","8"
"U662","9780750699167","8"
"U093","9788120319158","9"
"U116","978000000101","3"
"U798","978000000101","10"
"U713","978000000101","9"
"U139","978000000101","7"
"U424","978000000101","6"
"U462","9780070265127","1"
"U184","9780070265127","8"
"U605","9780070265127","4"
"U466","9780070265127","2"
"U257","978000000211","6"
"U709","978000000211","3"
"U736","978000000211","2"
"U094","978000000211","2"
"U724","978000000211","8"
"U650","9780071333467","6"
"U088","9780071333467","9"
"U725","9780071333467","7"
"U745","9780071333467","9"
"U627","9780071333467","3"
"U388","9788126520774","9"
"U390","9788126520774","1"
"U787","9788126520774","3"
"U344","9788126520774","10"
"U676","9781259009280","3"
"U167","9781259009280","3"
"U184","9781259009280","1"
"U430","9781259009280","5"
"U317","9781259009280","8"
"U296","9788177584226","3"
"U121","9788177584226","3"
"U208","9788177584226","1"
"U638","9788177584226","5"
"U013","9780553296983","8"
"U510","9780553296983","8"
"U557","9780553296983","1"
"U623","9780553296983","8"
"U244","9780553296983","4"
"U603","9780062315007","8"
"U465","9780062315007","7"
"U453","9780062315007","2"
"U616","9780062315007","10"
"U007","9780062315007","4"
"U561","9781259062698","5"
"U635","9781259062698","9"
"U213","9781259062698","1"
"U190","9781259062698","3"
"U057","9781259062698","6"
"U038","9789332573908","3"
"U034","9789332573908","10"
"U618","9789332573908","5"
"U340","9789332573908","2"
"U051","9789332573908","2"
"U427","9781119491441","3"
"U166","9781119491441","5"
"U626","9781119491441","10"
"U587","9781119491441","9"
"U182","9781119491441","8"
"U768","9780140283334","10"
"U369","9780140283334","1"
"U096","9780140283334","5"
"U331","9780140283334","6"
"U389","9780140283334","2"
"U777","978000000115","7"
"U564","978000000115","2"
"U300","978000000115","8"
"U138","978000000115","2"
"U712","978000000115","5"
"U338","9788177583960","9"
"U424","9788177583960","9"
"U215","9788177583960","4"
"U627","9788177583960","1"
"U112","9788177583960","10"
"U748","9788175152571","9"
"U090","9788175152571","8"
"U742","9788175152571","10"
"U724","9788175152571","5"
"U438","9788175152571","10"
"U325","9788175152571","5"
"U539","9780261103573","10"
"U639","9780261103573","6"
"U133","9780261103573","10"
"U577","9780261103573","8"
"U533","9780261103573","8"
"U505","9780261103573","3"
"U625","9780073380575","4"
"U726","9780073380575","5"
"U199","9780073380575","1"
"U122","9780073380575","1"
"U477","9780073380575","2"
"U756","9780073380575","4"
"U631","9788121926178","7"
"U424","9788121926178","1"
"U342","9788121926178","6"
"U574","9788121926178","4"
"U012","9788121926178","4"
"U707","9788121926178","5"
"U070","9789385039037","5"
"U519","9788126547558","6"
"U786","9788131791862","2"
"U703","9781259002137","6"
"U406","9788177583960","10"
"U631","9789332550152","3"
"U199","9788121908846","6"
"U486","9789339205574","3"
"U494","9788121900048","8"
"U550","9781259002137","8"
"U424","9789387869695","9"
"U307","978000000104","6"
"U569","9780133125855","1"
"U214","9780307387899","6"
"U363","9781259062865","3"
"U288","9789332550152","6"
"U385","9780385472579","9"
"U170","9789385039020","10"
"U770","9789385039037","6"
"U727","9788121917639","5"
"U424","978000000202","8"
"U463","9788131516359","4"
"U538","9788131516359","3"
"U115","978000000107","1"
"U797","978000000206","2"
"U455","9781259002138","1"
"U495","9780124166752","3"
"U195","978000000105","8"
"U751","978000000119","5"
"U795","9788131806603","3"
"U788","9780071770569","9"
"U693","9788121920725","4"
"U742","9789339205574","8"
"U535","9789332549446","1"
"U319","9780070659155","10"
"U090","9781259002137","8"
"U048","9780201549799","9"
"U785","9780142437230","5"
"U024","9780307387899","5"
"U655","9789384588079","6"
"U206","9781484228967","5"
"U284","978000000220","6"
"U792","978000000214","2"
"U280","9780470858923","3"
"U281","9789332549446","1"
"U638","978000000208","9"
"U105","978000000203","9"
"U359","9788126547558","6"
"U278","9789387472154","5"
"U588","9788126511034","3"
"U073","9780307277671","10"
"U455","9781119631439","3"
"U030","9781260453751","1"
"U109","9780070634947","1"
"U089","9789339205321","7"
"U184","9781259062698","10"
"U607","9780133356038","8"
"U632","978000000205","5"
"U341","9788187572680","9"
"U081","978000000209","10"
"U135","9789384588827","8"
"U100","978000000111","5"
"U701","9780590353427","8"
"U482","978000000201","4"
"U148","9780141182575","5"
"U373","9780387848570","3"
"U717","9788120319158","6"
"U333","978000000111","8"
"U031","9781259062865","8"
"U116","978000000113","8"
"U473","9781451673319","5"
"U787","978000000113","10"
"U589","9789339221859","9"
"U106","978000000213","2"
"U334","9788121916650","2"
"U310","978000000220","8"
"U424","9788122431909","10"
"U250","9788126547558","3"
"U494","9780070634947","2"
"U349","9789384588079","10"
"U442","9788121926977","10"
"U351","9789351343082","4"
"U178","9780750699167","2"
"U758","9781119491441","10"
"U499","9789332549446","10"
"U611","9789353438164","6"
"U569","9788131806696","8"
"U181","9789385039037","7"
"U072","978000000212","2"
"U702","9789332542522","7"
"U336","9789332585475","1"
"U093","978000000216","3"
"U595","9781785480034","1"
"U776","9788120333424","3"
"U464","978000000220","5"
"U400","9780141182575","10"
"U458","9788187572680","4"
"U698","9788121916667","5"
"U584","978000000211","5"
"U446","9780140283334","6"
"U092","9780071070102","1"
"U627","9780073398204","7"
"U131","9789332584607","1"
"U379","9788126547558","1"
"U001","9781259062698","9"
"U368","978000000110","5"
"U032","9789332571003","7"
"U720","9780134997193","7"
"U641","9788121916667","7"
"U416","9788126521740","7"
"U559","9780201896831","3"
"U487","9781259005275","4"
"U569","9780070634947","6"
"U428","9788121900048","5"
"U687","9789339221859","3"
"U012","9780307949486","1"
"U148","978000000115","8"
"U674","9788121926977","3"
"U087","9781259005275","7"
"U467","9780553296983","10"
"U436","9789389347688","3"
"U466","9780073398204","7"
"U566","978000000210","7"
"U364","9780262028189","3"
"U435","9788122430766","1"
"U592","978000000207","4"
"U730","9780124166752","5"
"U421","9789351343082","10"
"U376","9788121917639","1"
"U582","9789380358967","6"
"U116","978000000108","8"
"U708","9780133591620","3"
"U748","9780261103573","9"
"U769","9780849331541","8"
"U530","9780133591620","9"
"U625","978000000202","4"
"U484","9780133356038","2"
"U553","978000000108","5"
"U628","9788121908839","6"
"U548","9780073523323","8"
"U465","9780073398174","8"
"U588","9780261103573","6"
"U432","9783540795186","5"
"U297","978000000114","1"
"U712","9789332542522","5"
"U745","978000000104","5"
"U063","9780133356038","8"
"U593","9781451673319","10"
"U053","9780142437230","5"
"U756","9789389347688","1"
"U294","9780143038412","2"
"U130","9781259002138","2"
"U285","9788122432364","3"
"U631","9780849331541","5"
"U264","9780262033848","2"
"U619","9788120333423","10"
"U757","9780470858923","8"
"U379","9788120333423","5"
"U718","9789332571003","8"
"U186","978000000120","1"
"U352","9780132350884","3"
"U610","9788121900048","8"
"U771","9780140449136","7"
"U244","9780750699167","8"
"U744","978000000112","3"
"U216","9780307387899","6"
"U056","9780590353427","5"
"U774","9789332549446","1"
"U172","9789353438164","7"
"U488","9788131516359","8"
"U765","978000000220","4"
"U389","9780071333467","7"
"U486","9788131709274","3"
"U544","9788121926977","1"
"U296","9780061120084","7"
"U695","9788122430681","9"
"U653","9783540795186","7"
"U626","9788121926440","5"
"U344","9780747532743","5"
"U101","978000000102","10"
"U401","9789353438164","4"
"U752","9780070265127","10"
"U789","9781484228967","9"
"U346","978000000211","3"
"U321","9788126547558","1"
"U689","9780073523323","2"
"U013","9780140449136","2"
"U360","9788121908716","5"
"U258","9781484228967","1"
"U025","978000000204","2"
"U059","9789332542522","4"
"U614","978000000112","2"
"U726","978000000219","2"
"U620","9788121920725","7"
"U673","9780074623404","10"
"U190","978000000110","3"
"U260","9789332584607","8"
"U677","978000000118","8"
"U284","9789339205321","6"
"U264","978000000215","2"
"U284","9780198717348","7"
"U398","9781259002137","1"
"U265","9788131709274","3"
"U452","9788120331935","8"
"U206","9788122430940","7"
"U183","9780074623404","8"
"U112","9789387472154","9"
"U788","9789353060383","4"
"U629","9780590353427","2"
"U453","9780140283334","5"
"U106","9788121917639","2"
"U073","9789385039020","5"
"U796","9780061120084","1"
"U510","9780470858923","1"
"U039","9788120319158","7"
"U273","9780470858923","6"
"U401","9780307387899","1"
"U528","9789332573908","8"
"U490","9788121926977","7"
"U746","9788120331935","9"
"U232","9781259002380","7"
"U706","9789380358967","2"
"U581","9780133125855","6"
"U342","9780071333467","5"
"U648","9780074623404","2"
"U375","978000000220","6"
"U083","9788131518155","5"
"U664","978000000206","3"
"U568","9781009397759","7"
"U677","9780470458365","5"
"U713","978000000109","2"
"U646","9781259009280","6"
"U499","9780132350884","8"
"U753","9780470458365","3"
"U037","9781484228967","1"
"U738","9780134997193","4"
"U501","978000000109","2"
"U554","9780590353427","5"
"U512","978000000220","8"
"U017","9789339205574","6"
"U058","9789386235780","1"
"U416","978000000219","4"
"U670","9788120319158","9"
"U470","978000000211","9"
"U153","9788121926178","10"
"U239","9780307949486","1"
"U754","9789387472154","8"
"U670","9781420089654","8"
"U634","9780070659155","4"
"U719","9788121926440","3"
"U015","9788120333423","1"
"U315","9788131806696","8"
"U626","9781451673319","10"
"U066","9789385998839","2"
"U510","9789332542522","10"
"U226","9781259062865","4"
"U437","9789386235780","7"
"U333","978000000219","10"
"U559","9781259005275","6"
"U608","9788120333423","6"
"U065","978000000219","5"
"U145","9788131518780","3"
"U714","9789384588086","9"
"U169","978000000214","4"
"U596","9781009397759","3"
"U103","9780133356038","10"
"U386","9780128119051","1"
"U499","9780133591620","1"
"U008","9780073397894","2"
"U724","9788121926440","10"
"U291","9788131518780","8"
"U709","9789339221859","4"
"U147","978000000112","5"
"U536","978000000210","7"
"U245","9788120333423","10"
"U709","9789339205574","10"
"U185","9780140283334","8"
"U627","978000000202","5"
"U357","978000000217","1"
"U572","9789332571003","4"
"U121","978000000120","2"
"U634","9789332550084","9"
"U476","9780385472579","4"
"U284","9788121908839","4"
"U116","9780470858923","8"
"U510","9780073397894","3"
"U687","9780070659155","1"
"U661","9780750650922","5"
"U215","9788121926977","5"
"U343","9780141182575","8"
"U045","9780201549799","1"
"U551","9780073397894","3"
"U030","9780143038412","9"
"U241","978000000115","8"
"U607","978000000108","6"
"U430","9788187572680","6"
"U236","978000000110","6"
"U234","9780071770569","4"
"U756","9780140449136","4"
"U385","9788121908716","2"
